Titulo,Año ,Column1,idioma,Tipo,Visto,,
86,2021,SciFi,japones,Anime,0,,
¿Dónde Está Anne Frank?,,español,,0,,,
3.00%,,SciFi,portugues,serie,0,,
A.D. Police,1999,Cyberpunk,japones,anime,0,,
Accel World,2012,Scifi,japones,anime,0,,
Adolescence,,,ingles,,100,,
afro Samurai,2007,Samurai,japones,anime,0,,
After Life: Más allá de mi mujer,,,ingles,serie,100,,
Ajin,2016,Suspenso,japones,anime,0,,
Akame ga Kill!,2002,Aventura,japones,anime,0,,
Aku no Hana,2013,Drama,japones,anime,0,,
AlRawabi School for Girls ,,,,serie,0,,
American Primeval ,,,ingles,serie,0,,
Amnesia ,,,japones,anime,0,,
Andor,,,ingles,serie,100,,
Angel Cop,,,japones,anime,0,,
Aoi Bungaku ,2009,Drama,japones,anime,0,,
Apagón,,,español,serie,0,,
Apollo 10 1/2: A Space Age Childhood ,,,ingles,animacion,0,,
Arcane,,,ingles,animacion,100,,
Archivo 81,,Suspenso,ingles,serie,100,,
Armitage III: Poly-Matrix ,,,ingles,anime,0,,
B the Beginning Succession,2021,Suspenso,japones,anime,0,,
Baccano!,2007,Misterio,japones,anime,0,,
Banana Fish,2018,Accion,japones,anime,0,,
Barbarians ,,,ingles,serie,0,,
Barry,,,ingles,serie,100,,
Battle Angel Alita ,,,japones,anime,0,,
Beastars,2019,Drama,japones,anime,100,,
Bebé reno,,,ingles,serie,100,,
Beck: Mongolian Chop Squad,,,japones,anime,0,,
BEEF,,,ingles,serie,100,,
Bersek,1998,Guerra,japones,anime,0,,
Better Call Saul ,,,ingles,serie,0,,
Big Little Lies,,,ingles,serie,100,,
Biggie: I Got a Story to Tell ,,documental,ingles,documental,0,,
Black Bird ,,,ingles,serie,0,,
Black Jack ,,,japones,anime,0,,
Black Lagoon,2006,Accion,japones,anime,0,,
Black Mirror ,,,ingles,serie,50,,
Black Sails ,,,ingles,serie,100,,
Blood+,2005,Terror,japones,anime,0,,
BLUE GENDER（1999）,,,japones,anime,0,,
BNA,2020,Fantasia,ingles,animacion,0,,
Boiling Point ,,,ingles,serie,0,,
BoJack Horseman,,,ingles,animacion,100,,
Boogiepop Phantom,2020,Terror,japones,anime,0,,
Borgia Season 2 ,,,ingles,serie,100,,
Bosch ,,,ingles,serie,100,,
Bowling for Columbine Official ,,,ingles,documental,0,,
Breaking Bad Trailer,,,ingles,serie,100,,
BROOKLYN NINE-NINE ,,,ingles,serie,100,,
Bubblegum Crisis Tokyoo 2040,1998,SciFi,japones,anime,0,,
Califato,2020,Guerra,ingles,serie,0,,
Vida y destino,,guerra,aleman,serie,0,,
Carl Sagan's Cosmos,,,ingles,serie,100,,
Carmel: ¿Quién mató a María Marta?,,,español,serie,0,,
Carol y el fin del mundo,,,ingles,animacion,100,,
Casshern Sins Trailer ,,,japones,anime,0,,
Cells at work,2018,Comedia ,japones,anime,0,,
Chainsaw Man ,,,japones,anime,0,,
Chernobyl,,,ingles,serie,100,,
Clark,,,ingles,serie,100,,
Code Geass,2006,SciFi,japones,anime,0,,
Common Side Effects,,,ingles,serie,100,,
Community Trailer,,,ingles,serie,0,,
Coppelion,2013,SciFi,japones,anime,0,,
Coraje el perro cobarde,,,ingles,animacion,100,,
COSMOS: A Spacetime Odyssey,,,ingles,serie,100,,
Cryptozoo,,,,,0,,
Curb Your Enthusiasm (2021),,,,,0,,
Cyber City Oedo 808,,,,,0,,
Cyberpunk: Edgerunners,,,,,100,,
Da Vinci's Demons,,,,,0,,
DAHMER - Monstruo: La historia de Jeffrey Dahmer,,,,,100,,
'Dante''s Inferno: An Animated Epic,,,,,100,,
daria morgendorffer,,,,,50,,
Dark ,2017,Suspenso,,,0,,
Death Parade,2015,Suspenso,,,0,,
Dennou Coil,2007,SciFi,,,0,,
Depredador: Cazador De Asesinos,,,,,100,,
Devilman ,2018,Sobrenatural ,,,0,,
Devs,,,,,0,
DEVS,,,,,0,,
Dick Johnson Is Dead,,,,,0,,
DISCLAIMER,,,,,0,,
Doctor Portuondo,,,,,0,,
'Don''t Hug Me I''m Scared,,,,,100,,
Dopesick | Tráiler oficial | Disney+,,,,,0,,
Dopesick Official Trailer | Hulu,,,,,0,,
Dorohedoro,2020,Terror,,,0,,
Dororo,2019,Aventura,,,0,,
Dos hombres y medio Two and a half Men TRAILER,,,,,0,,
DREAM CORP LLC Trailer | DREAM CORP LLC | Adult Swim,,,,,0,,
Dream Raider - TV Show - Season 1 - HD Trailer,,,,,0,,
El asombroso mundo de Gumball_Trailer,,,,,0,,
El caso Cassez-Vallarta: Una novela criminal | Tráiler oficial | Netflix,,,,,0,,
El Chacal | Tráiler oficial | Disney+,,,,,0,,
El Colapso - Tráiler | Filmin,,,,,0,,
El ensayo | Tráiler oficial | Español subtitulado | HBO Max,,,,,0,,
El Eternauta | Primer vistazo | Netflix,,,,,0,,
el mundo de beakman intro,,,,,0,,
El Nivel Secreto - Tráiler Oficial | Amazon Prime,,,,,0,,
El Pingüino | Tráiler Oficial | Max,,,,,100,,
El tiempo entre costuras - Trailer HD,,,,,0,,
El último baile | Tráiler oficial | Netflix,,,,,0,,
En Terapia - Trailer,,,,,0,,
Epidemia 😷 la serie que se adelantó al Covid-19,,,,,0,,
Erased,2016,Psicologico,,,0,,
Ergo Proxy ,2006,SciFi,,,0,,
Escalera Al Cielo - Intro,,,,,0,,
Espiritu de Lucha ,2000,Box,,,0,,
Esto te va a doler - Tráiler español Movistar+,,,,,0,,
Eureka Seven trailer,,,,,0,,
Exclusive Premiere! SHATTER BELT trailer,,,,,0,,
Exterior Noche - Tráiler español,,,,,0,,
Fallout - Official Trailer | Prime Video,,,,,100,,
fametsu no Anata e,2021,Drama,,,0,,
Fantastic Children,2004,SciFi,,,0,,
Fargo | Trailer | Netflix,,,,,0,,
First Love | Super Teaser Trailer | Netflix,,,,,0,,
Fleabag - Trailer Oficial Español | Amazon Prime Video España,,,,,0,,
For All Mankind — Official First Look Trailer | Apple TV+,,,,,0,,
Forky Pregunta | Tráiler Oficial Doblado | Disney+,,,,,0,,
Funniest That 70s Show Moments Season 1 HD,,,,,0,,
Gakkou Gurashi!,2015,Terror,,,0,,
Gangsta,2015,Accion ,,,0,,
Gatitos explosivos | Tráiler oficial | Netflix,,,,,0,,
Genius - Tráiler extendido (estreno 25 de abril en NatGeo),,,,,0,,
'Genndy Tartakovsky''s Primal Season 1 Trailer | Rotten Tomatoes TV',,,,,0,,
Ghost Hound,2007,SciFi,,,0,,
Godless | Teaser: Welcome to No Man’s Land [HD] | Netflix,,,,,0,,
Golden Boy Trailer,,,,,0,,
GOLIATH Season 1 TRAILER (2016) New Amazon Series,,,,,0,,
Good Omens – Tráiler oficial | Amazon Prime Video,,,,,0,,
'Goodbye, DonGlees! | Official Trailer | Eng Sub',,,,,0,
Gravity Falls - Official Trailer - HD,,,,,100,,
Greatest fall in anime | Kite (1998),,,,,0,,
GUILLERMO DEL TORO’S CABINET OF CURIOSITIES | Official Trailer | Netflix,,,,,0,,
Gun frontier ,2002,Aventura,,,0,,
Gungrave,2003,SciFI,,,0,,
Hacks | Official Trailer | HBO GO,,,,,0,,
Haibane Renmei,2002,Misterio,,,0,,
Haibane Renmei trailer,,,,,0,,
Hajime no Ippo - Trailer/AMV - The Boxing Program [HD],,,,,0,,
Halo The Series (2022) | Trailer Oficial Subtitulado en Español,,,,,0,,
Hannibal - Trailer (Temporada 1),,,,,0,,
Happy Tree Friends - Friday the 13th,,,,,0,,
'Harina, El Teniente Vs El Cancelador – Tráiler oficial | Amazon Prime Video.',,,,,0,
Harvey Birdman: Attorney General Preview | Harvey Birdman: Attorney At Law | Adult Swim,,,,,0,,
Hellsing,2001,Terror,,,0,,
Hermanos De Sangre - TV Trailer español HD,,,,,0,,
Héroes: Silencio y Rock&Roll- Tráiler oficial (Estreno mundial exclusivo en NETFLIX: 23 de abril),,,,,0,,
HIGH MAINTENANCE - PRIMERA TEMPORADA TRAILER,,,,,0,,
Higurashi no Naku Koro ni,2006,Terror,,,0,,
Hijos del Tercer Reich - MINEN Sub Español,,,,,0,,
Hilda | Tráiler oficial | Netflix,,,,,0,,
'Homeland, la despedida de una obra maestra | Surtido Rico',,,,,0,
House of the Dragon | Official Trailer (HBO),,,,,50,,
HOW I MET YOUR MOTHER - Official Trailer,,,,,0,,
How to Sell Drugs Online (Fast) | Trailer | Netflix,,,,,0,,
How To with John Wilson: Official Trailer | HBO,,,,,0,,
Humans Trailer,,,,,0,,
I Know This Much Is True: Official Trailer | HBO,,,,,0,,
I May Destroy You | Official Trailer | HBO,,,,,0,,
'I''m transhuman. I''m going to become digital - BBC',,,,,0,,
In The Earth (2021) - Tráiler Subtitulado en Español,,,,,0,,
Inside Job | Official Trailer | Netflix,,,,,0,,
Inside Job | Official Trailer | Netflix,,,,,0,,
Into the Night I Official Trailer I Netflix,,,,,0,,
INUYASHIKI LAST HERO 【Fuji TV Official】,,,,,0,,
Inuyashiki ,2017,SciFI,,,0,,
INVINCIBLE Trailer SUBTITULADO [HD] (Serie de Amazon Prime Video),,,,,100,,
Japan Sinks 2020,2020,SciFI,,,0,,
Joe Pera Discovers The Who | Joe Pera Talks With You | adult swim,,,,,0,,
'Jojo''s Bizarre Adventure',2012,Sobrenatural,,,0,,
Journey to Agartha - Trailer,,,,,0,,
Jujutsu Kaisen,2020,Terror,,,0,,
Kaiba,2008,SciFi,,,0,,
Katla | Official Trailer | Netflix,,,,,0,,
Keep Sweet: Pray and Obey | Official Trailer | Netflix,,,,,0,,
kemonozume opening,,,,,0,,
KIDDING Tráiler Español (2018) Jim Carrey,,,,,0,,
Kids on the slope,2012,Musica,,,0,,
Kill Me Heal Me - Trailer,,,,,0,,
Kino no tabi,2003,Aventura Filosofica,,,0,,
Kitustrailers : THE HUNGER : EL LADO SALVAJE DEL DESEO (Trailer en Español),,,,,0,,
Kokkoku - Official Subtitled Trailer,,,,,0,,
La caída de la Casa Usher | Tráiler oficial | Netflix,,,,,0,,
La chica enmascarada | Tráiler oficial | Netflix,,,,,0,,
La ciudad es nuestra | Tráiler | HBO Max,,,,,0,,
La Curiosidad Nos Mató a Todos | Robot Chicken en Español Latino,,,,,0,,
La Muerte de Pinochet - Trailer oficial documental 2011,,,,,0,,
La Periferia: Conexión al Futuro - Tráiler oficial | Prime Video,,,,,0,,
La Revolución y los Artistas - Trailer,,,,,0,,
La ruleta de la fortuna y la fantasía - Trailer español,,,,,0,,
Landman | Official Trailer | Paramount+,,,,,0,,
Lily C.A.T. (1987) OVA. Anime De Culto.,,,,,0,,
'Logan''s Run Official Trailer #1 - Michael York Movie (1976) HD',,,,,0,,
Look Back - Tráiler Oficial | Amazon Prme,,,,,0,,
Los 4400 Trailer,,,,,0,,
Los Tudor Intro 1 Temporada,,,,,0,,
Lost Ollie | Official Series Trailer | Netflix,,,,,0,,
Lost Trailer (First Season),,,,,0,,
Louie S01E05 - Airport scene (VO/VOSTFR),,,,,0,,
LOVE DEATH + ROBOTS | Official Trailer | Netflix,,,,,100,,
M.O.D.O.K. Tráiler Español SUBTITULADO (2021) Marvel,,,,,0,,
Mad Men Trailer,,,,,0,,
Made in Abbys,2017,SciFi,,,0,,
Maho Shojo Madoka Magica,2011,Drama,,,0,,
MAID | Official Trailer | Netflix,,,,,0,,
Maniac | Official Trailer | Netflix,,,,,0,,
Maradona: Sueño Bendito - Tráiler oficial | Amazon Prime Video,,,,,0,,
Marcella ,2020,Policial,,,0,,
Mare of Easttown: Official Trailer | HBO,,,,,0,,
'Marvel Animation''s X-Men ''97 | Intro | Disney+',,,,,0,,
'Marvel''s Daredevil | Official Trailer [HD] | Netflix',,,,,0,,
Master of Horror - Pro-Vida,,,,,0,,
Master of None | official trailer (2015) Netflix Aziz Ansari,,,,,0,,
Masters of Horror (2005) - Trailer in 1080p,,,,,0,,
Masters of Sex - Official Trailer,,,,,0,,
Masters of Sex - Official Trailer,,,,,0,,
Materia oscura — Tráiler oficial | Apple TV+,,,,,0,,
Me lo contaron en Japón ,,,,,0,,
Merli - Trailer Primera Temporada,,,,,0,,
Messiah | Season 1 Official Trailer | Netflix,,,,,0,,
Metal Skin Panic MADOX- 01 (1987) Japanese Animation | Manga,,,,,0,,
Mezzo Forte OVA 1 - Sub Español HD,,,,,0,,
Michiko to Hatchin Opening 720p,,,,,0,,
'Mike Judge''s Beavis and Butt-Head | Official Trailer | Paramount+',,,,,0,,
MINDHUNTER - Trailer en Español [HD] l Netflix,,,,,0,,
MobLand | Official Trailer | Paramount+,,,,,0,,
Modern Love - Official Trailer | Prime Video,,,,,0,,
MONK: La introducción perfecta | ANÁLISIS,,,,,0,,
Monster,2004,Psicologico,,,0,,
Moriarty the patriot,2020,Misterio,,,0,,
Mozart in the Jungle - Official Trailer | Prime Video,,,,,0,,
Mr. Robot - Launch Trailer | Prime Video,,,,,100,,
Mushishi,2005,Misterio,,,0,,
'My Daughter''s Killer - Trailer',,,,,0,,
Napoleon Bonaparte cap 01,,,,,0,,
Navillera | Tráiler oficial | Netflix,,,,,0,,
Neo Tokyo ( ネオ東京 ) Trailer,,,,,0,,
Neon Genesis Evangelion,1995,SciFi,,,0,,
New Muhammad Ali PBS Trailer,,,,,0,,
Night Stalker: The Hunt For a Serial Killer | Official Trailer | Netflix,,,,,0,,
Ninja Scroll - Reseña y curiosidades de una Leyenda del Anime,,,,,0,,
Ninja Scroll Official Trailer,,,,,0,,
Niñas Promedio,,,español,serie,0,,
Nomadland | Tráiler Oficial Subtitulado,,,,,0,,
"Oats Studios ""Volume 1"" - Teaser Trailer (OFFICIAL)",,,,,0,,
odd taxi,2021,Misterio,,,0,,
ODDTAXI - Opening | ODDTAXI,,,,,0,,
OFFICIAL TRAILER: Uzumaki | adult swim,,,,,0,,
One puch man ,2015,Comedia,,,0,,
Onisciente | Trailer Oficial,,,,,0,,
Only Murders in the Building | Tráiler Oficial Subtitulado | Star+,,,,,0,,
Only Murders in the Building | Tráiler Oficial Subtitulado | Star+,,,,,0,,
Orphen,1998,Accion,,,0,,
Osmosis | Tráiler oficial | Netflix,,,,,0,,
Our Flag Means Death | Official Trailer | HBO Max,,,,,0,,
Ousama  Ranking,2021,Comedia,,,0,,
Over the Garden Wall - Official Trailer,,,,,0,,
Ozark | Official Trailer [HD] | Netflix,,,,,0,,
Pachinko — Official Trailer | Apple TV+,,,,,0,,
Pachinko — Official Trailer | Apple TV+,,,,,0,,
Pachinko — Official Trailer | Apple TV+,,,,,0,,
'Pantheon - Exclusive Official Season 1 Trailer (2022) Daniel Dae Kim, Katie Chang, Paul Dano',,,,,0
Paranoi Agent,2004,Psicologico,,,0,,
PARASITE DOLLS official trailer,,,,,0,,
Parasite Dolls promotional video,,,,,0,,
Parks and Recreation: The Complete Series - Trailer - Own it on Blu-ray 1/6,,,,,0,,
Patria,2020,Guerra,,,0,,
Pau Donés - Documental: Eso que tú me das (Tráiler),,,,,0,,
Peacemaker | Official Trailer | HBO Max,,,,,0,,
Peacemaker | Tráiler | HBO Max,,,,,0,,
Peaky Blinders - Season 1 | Trailer,,,,,0,,
Peep Show,,,,,0,,
Penny Dreadful Season 1 | Official Trailer | Eva Green & Josh Hartnett SHOWTIME Series,,,,,0,,
Penny Dreadful Season 1 | Official Trailer | Eva Green & Josh Hartnett SHOWTIME Series,,,,,0,,
'PHILLIP K. DICK''S ELECTRIC DREAMS Official Trailer (HD) Amazon Exclusive Series',,,,,0,,
Pixar Forky Asks A Question – Official Trailer | Disney+ | Start Streaming Nov. 12,,,,,0,,
Planetes,2003,Espacio,,,0,,
Por Mandato del Cielo | Tráiler Oficial Subtitulado | Star+,,,,,0,,
Prehistoric Planet — Official Trailer | Apple TV+,,,,,0,,
Prehistoric Planet — Official Trailer | Apple TV+,,,,,0,,
Presunto inocente — Tráiler oficial | Apple TV+,,,,,0,,
PSI - TRAILER,,,,,0,,
Psycho-pass,2012,SciFi,,,0,,
Puella Magi Madoka Magica the Movie -Walpurgisnacht Rising- | OFFICIAL TRAILER,,,,,0,,
Puella Magi Madoka Magica Trailer,,,,,0,,
'QUO VADIS, AIDA? | Official UK Trailer [HD]',,,,,0,
Radioactive – Official U.S. Trailer | Prime Video,,,,,0,,
RAINBOW ~NISHA ROKUBOU NO SHICHININ~trailer,,,,,0,,
Raised by Wolves | New Trailer | HBO Max,,,,,0,,
ReLIFE,2016,Romance,,,0,,
Review - Addiction,,,,,0,,
Rick and Morty Season 1 extended promo,,,,,0,,
Rick and Morty Season 4 - Official Trailer,,,,,0,,
Ripley | Official Trailer | Netflix,,,,,0,,
ROMA trailer subtitulado español.,,,,,0,,
ROMA trailer subtitulado español.,,,,,0,,
Roxanne Roxanne | Official Trailer [HD] | Netflix,,,,,0,,
Samurai 7 ,2004,Samurai,,,0,,
Samurai Chmploo,2004,Samurai,,,0,,
Samurái de ojos azules | Tráiler oficial | Netflix,,,,,0,,
Samurai Jack | Jack Fights The Six Daughters | Adult Swim UK 🇬🇧,,,,,0,,
Sandman (EN ESPAÑOL) | Anuncio del estreno | Netflix,,,,,0,,
School Days Trailer,,,,,0,,
Secret Level - Official Trailer | Prime Video,,,,,0,,
Seijuuki Cyguard  1989,,,,,0,,
Seinfeld | Official Teaser | Netflix,,,,,0,,
Seirei no Moribito,2007,Accion ,,,0,,
Self Made: Inspired by the Life of Madam C.J. Walker | Official Trailer | Netflix,,,,,0,,
Sense8 | Official Trailer [HD] | Netflix,,,,,100,,
Serial Experiments Lain,1998,SciFi,,,100,,
"Serie FUMADOS Netflix - fragmento ""LA VERDAD"" | lo que no todos saben...",,,,,0,,
Servant — Official Trailer | Apple TV+,,,,,0,,
Servant — Official Trailer | Apple TV+,,,,,0,,
Severance — Official Trailer | Apple TV+,,,,,0,,
Severance — Official Trailer | Apple TV+,,,,,0,,
Shadow of The Vampire (2000) Official Trailer,,,,,0,,
Shigurui: Death Frenzy,2007,Drama,,,0,,
Shiki,2010,Misterio,,,0,,
Shining Girls — Official Trailer | Apple TV+,,,,,0,,
Shining Girls — Official Trailer | Apple TV+,,,,,0,,
Shinsekai yori,2012,SciFI,,,0,,
Shōgun | Trailer Oficial | Disney+,,,,,0,,
Shōgun | Tráiler oficial subtitulado en castellano | Disney+,,,,,0,,
Shouwa Genroku Rakugo Shinjuu,2016,Drama,,,0,,
Six Feet Under - Season 5 Trailer - Official HBO UK,,,,,0,,
Skins Series 1 Trailer,,,,,0,,
Slow Horses — Official Trailer | Apple TV+,,,,,0,,
Small Axe: Trailer - BBC,,,,,0,,
Small Axe: Trailer - BBC,,,,,0,,
Some Kind of Connection- the Up Series,,,,,0,,
Somos. | Tráiler oficial | Netflix,,,,,0,,
Song Exploder | Official Trailer | Netflix,,,,,0,,
Space Brothers,2014,SciFi,,,0,,
Space Dandy,2014,SciFI,,,0,,
Spriggan Trailer HD (1998 Anime),,,,,0,,
SPY x FAMILY | TRÁILER PRINCIPAL,,,,,0,,
Station Eleven I Trailer I HBO Max,,,,,0,,
Station Eleven I Trailer I HBO Max,,,,,0,,
Steins Gate ,2011,Sci Fi ,,,0,,
Succession: Season 1 | Official Trailer | HBO,,,,,0,,
Succession: Season 1 | Official Trailer | HBO,,,,,0,,
Suits - (Season 1 Trailer),,,,,0,,
Supernatural | Muy Pronto,,,,,0,,
Taboo: Trailer - BBC One,,,,,0,,
Tales From the Loop | Official Trailer,,,,,0,,
Tales From the Loop | Official Trailer,,,,,0,,
Tear Along The Dotted Line | Official Trailer | Netflix,,,,,0,,
Ted Lasso — Official Trailer | Apple TV+,,,,,0,,
Ted Lasso — Official Trailer | Apple TV+,,,,,0,,
Tehran — Official Trailer | Apple TV+,,,,,0,,
Terminator Zero | Contenido explícito | Tráiler oficial | Netflix,,,,,0,,
Terra Fornars,2014,SciFI,,,0,,
Terror in Resonance ,2014,Psicologico,,,0,,
Texhnolyze,2003,SciFi,,,0,,
The 100 - Official Trailer,,,,,0,,
The 100 - Trailer Subtitulado Primera Temporada,,,,,0,,
THE ACT | Tráiler Oficial | Ver Con STARZPLAY,,,,,0,,
The Afterparty — Official Trailer | Apple TV+,,,,,0,,
The Alienist - Trailer Subtitualdo en Español Latino l Netlix,,,,,0,,
The Americans (2013-2018) Season 1 Trailer,,,,,0,,
'THE BEAR Trailer (2022) Jeremy Allen White, Ayo Edebiri',,,,,0,
The boys,2022,Heroes,,,0,,
The Crown | Official Trailer | Netflix,,,,,0,,
The Dropout | Trailer | Hulu,,,,,0,,
The English - Official Trailer | Prime Video,,,,,0,,
The Essex Serpent — Official Trailer | Apple TV+,,,,,0,,
The Expanse - Tráiler principal - Netflix [HD],,,,,0,,
The Fallout | Official Trailer | Max,,,,,0,,
The Fiery Priest 열혈사제 Trailer | Watch with subs 12h after Korea!,,,,,0,,
The Final Score | Official Trailer | Netflix,,,,,0,,
THE GOOD PLACE Trailer,,,,,0,,
The Great (2020) | Tráiler Oficial Subtitulado | Elle Fanning y Nicholas Hoult,,,,,0,,
The Handmaiden - Official Trailer,,,,,0,,
'The Handmaid''s Tale - Official Trailer #1 Subtitulado [HD]',,,,,0,,
The Kominsky Method: Season 2 | Official Trailer | Netflix,,,,,0,,
The Last Days of Ptolemy Grey — Official Trailer | Apple TV+,,,,,0,,
The Last Kingdom | Series 1 Full Trailer,,,,,0,,
The Last of Us | Official Trailer | HBO Max,,,,,0,,
THE LEFTOVERS - Season 1 | Full TRAILER | HD,,,,,0,,
The Leftovers | Trailer,,,,,0,,
The legend of the galactic heroes,2018,SciFi,,,0,,
The Legend of Vox Machina - Trailer (Red Band Trailer) | Prime Video,,,,,0,,
The Legend of Vox Machina - Trailer (Red Band Trailer) | Prime Video,,,,,0,,
The Lord of the Rings: The Rings of Power – Teaser Trailer | Prime Video,,,,,0,,
The Man in the High Castle - Trailer Oficial Español | Amazon Prime Video España,,,,,0,,
The Man Who Fell To Earth (2022) Official Trailer | SHOWTIME,,,,,0,,
The Marvelous Mrs. Maisel Season 1 - Official Trailer [HD] | Prime Video,,,,,0,,
The Midnight Gospel | Official Trailer | Netflix,,,,,0,,
The NEWSROOM,,,,,0,,
The Night Manager: Trailer - BBC,,,,,0,,
The OA | Tráiler oficial | Netflix,,,,,0,,
The Offer | Official Trailer | Paramount+,,,,,0,,
The Office Trailer,,,,,0,,
THE OLD MAN Official Trailer (2022),,,,,0,,
The orville,2017,SciFi,,,0,,
the outsider,2020,Suspenso,,,0,,
The Outsider: Official Trailer | HBO,,,,,0,,
The Pacific - Trailer - Official HBO UK,,,,,0,,
The Perfect Whisky | Addicted To Pleasure | BBC Studios,,,,,0,,
The Pitt Season 2 | Official Teaser | HBO Max,,,,,0,,
The Plague Dogs,,,,,0,,
the promised neverland,2019,SciFi,,,0,,
'The Shivering Truth | It''s What''s Inside That Counts | Adult Swim UK 🇬🇧',,,,,0,,
The Shivering Truth | Pet Grandma | Adult Swim UK 🇬🇧,,,,,0,,
The Shivering Truth | Trailer - Watch now on All 4 | Adult Swim UK 🇬🇧,,,,,0,,
The Sinner - Trailer en Español Latino l Netflix,,,,,0,,
the tatami galaxy,2010,Psicologico,,,0,,
The Tattooist of Auschwitz | Official Trailer | Peacock Original,,,,,0,,
The Terminal List - Official Trailer | Prime Video,,,,,0,,
The Terminal List - Official Trailer | Prime Video,,,,,0,,
THE UNDERGROUND RAILROAD Tráiler Español DOBLADO (2021),,,,,0,,
The White Lotus: Official Trailer | HBO,,,,,0,,
The Wire Season 1 Trailer | by JPB,,,,,0,,
The Wire Season 1 Trailer | by JPB,,,,,0,,
This is Art: Episodio 1 - Éxtasis [programa 1 completo] | #0 ,,,,,0,,
This Is Going To Hurt | Trailer - BBC,,,,,0,,
This Is Us | Season 1 Trailer | FOX Home Entertainment,,,,,0,,
Time of Eve: The Movie - Official Trailer,,,,,0,,
'TIME Trailer SUBTITULADO [HD] Serie de BBC (Sean Bean, Stephen Graham)',,,,,0,
Tokyo Magnitude 8.0 - Trailer [HD],,,,,0,,
Tokyo Vice | Official Trailer | HBO Max,,,,,0,,
Tráiler oficial de Merlí: Sapere Aude,,,,,0,,
Trailer: Crónicas de Castas,,,,,0,,
Tree of Palme trailer,,,,,0,,
Tribunal de menores | Tráiler oficial | Netflix,,,,,0,,
Tribunal de menores | Tráiler oficial | Netflix,,,,,0,,
Trigun,1998,SciFi,,,0,,
Trotsky,2017,Guerra,,,0,,
True Detective - Season 1: Trailer - Official HBO UK,,,,,0,,
Tulsa King | Official Trailer | Paramount+,,,,,0,,
Twilight of the Gods | Official Trailer | Netflix,,,,,0,,
TWIN PEAKS Series Trailer,,,,,0,,
Un Caballero en Moscú | Trailer Oficial | Paramount+,,,,,0,,
Un día sin mexicanos - Tráiler Oficial,,,,,0,,
Un Extraño Enemigo - Tráiler I Amazon Prime Video,,,,,0,,
Under the Banner of Heaven | Official Trailer | FX,,,,,0,,
UNDER THE BANNER OF HEAVEN Trailer (2022),,,,,0,,
Undercurrent | Official Trailer | HBO,,,,,0,,
Undone - Official Trailer | Prime Video,,,,,0,,
Undone ,2019,SciFi,,,0,,
Upload,2020,SciFi,,,0,,
Upload - Official Trailer I Prime Video,,,,,0,,
UTOPIA - TRAILER,,,,,0,,
Veleno: La Ciudad de los Niños Perdidos,,,,,0,,
Victor Hugo - Miniserie Estreno - Mayo 2020,,,,,0,,
Vikings Trailer Season 1,,,,,0,,
Viland Saga,2019,Accion,,,0,,
Violet evergarden,2018,Drama,,,0,,
Virgin Punk - Official Trailer,,,,,0,,
Watchmen | Trailer Oficial HBO,,,,,0,,
We Own This City | Official Trailer | HBO,,,,,0,,
We Own This City | Official Trailer | HBO,,,,,0,,
Welcome to NHK,2006,Comedia,,,0,,
WHEN THEY SEE US Trailer (2019) Netflix,,,,,0,,
When they see us ,2019,Suspenso,,,0,,
When you don’t want to pay for a plastic bag | Mister Winner - BBC,,,,,0,,
Wicked City,1987,Scifi,,,0,,
Wicked City (1987),,,,,0,,
Wilfred - TV Trailer - Season 1,,,,,0,,
Wilfred Teaser Trailer - Season 1,,,,,0,,
Winning Time | Final de temporada | HBO Latinoamérica,,,,,0,,
Winning Time: The Rise of the Lakers Dynasty | Official Trailer | HBO Max,,,,,0,,
Wonders of the Solar System - Trailer - BBC Two,,,,,0,,
Y: The Last Man | Tráiler Oficial Subtitulado | Star+,,,,,0,,
yawara opening 2,,,,,0,,
Years & Years,2019,SciFi,,,0,,
Yellowjackets || Trailer oficial,,,,,0,,
You: Temporada 3 | Tráiler oficial | Netflix,,,,,0,,
Young Justice: Outsiders ,,superheroes,ingles,animacion,100,,
'Your Dad''s Medical Condition | The Shivering Truth | adult swim',,,,,0,,
Your Lie in April OP/Opening Theme - Hikaru Nara,,,,,0,,
Your lie in April Trailer,,,,,0,,
ZeroZeroZero - Official Trailer | Prime Video,,,,,100,,
구해줘 Save me trailer,,,,,0,,
¿Quién puede matar a un niño? ,,,,,,,
12 Angry Men,,,,,,,
1917 - Official Trailer [HD],,,,,,,
"1994: Poder, Rebeldía y Crimen en México | Trailer | Netflix",,,,,,,
Ridicule Official Trailer ,,,,,,,
2001: A SPACE ODYSSEY - Trailer,,,,,,,
28 SEMANAS DESPUES (Trailer en español),,,,,,,
28 YEARS LATER – Official Trailer (HD),,,,,,,
28 años despues,,,,,,,
30 dias de noche,,,,,,,
7 Cajas Trailer en Español (2013),,,,,,,
7 Prisoners (7 prisioneiros) | Official Trailer | Netflix,,,,,,,
8 1/2 | Trailer,,,,,,,
8 mile ,,,,,,,
8MM Official Trailer,,,,,,,
9 1/2 Weeks - Trailer,,,,,,,
A clockwork Orange,,,,,,,
A Different Man | Official Trailer HD | A24,,,,,,,
A Ghost Story | Official Trailer HD | A24,,,,,,,
A Man Escaped ,,,,,,,
A MONSTER CALLS | Official Trailer | Universal Pictures Canada,,,,,,,
"A Nightmare on Elm Street (1984) Official Trailer - Wes Craven, Johnny Depp Horror Movie HD",,,,,,,
A scanner Darkly ,,,,,,,
A shock to the System ,,,,,,,
A Silent Voice - Official Trailer,,,,,,,
A Sun Trailer | SGIFF 2019,,,,,,,
A Tree of Palme,,,,,,,
A.I.: Artificial Intelligence (2001) Trailer #1 | Movieclips Classic Trailers,,,,,,,
Aachi & Ssipak ,,,,,,,
Abre los ojos. (Trailer 1997).,,,,,,,
Absolute Denial (2022) - Official Trailer (HD),,,,,,,
Adaptation (2002) Trailer #1 | Movieclips Classic Trailers,,,,,,,
AFTERSUN | Official Trailer | Now Streaming on MUBI,,,,,,,
Al Morir la Matinée (The Last Matinee) ,,,,,,,
ALERTA ROJA (ASHFALL) - Trailer español,,,,,,,
"Alice (Neco z Alenky) 1988 Película Completa en HD ""Subtitulada al Español""",,,,,,,
All Quiet on the Western Front | Official Trailer | Netflix,,,,,,,
"All The President's Men (1976) Official Trailer - Robert Redford, Dustin Hoffman Thriller HD",,,,,,,
Alta tension ,,,,,,,
Alurcada,,,,,,,
Amadeus,,,,,,,
"Amanece, que no es poco ",,,,,,,
Amelie,,,,,,,
Amen 2002,,,,,,,
American Beauty ,,,,,,,
American Murder: The Family Next Door | Official Trailer | Netflix,,,,,,,
American Pop,,,,,,,
American Psycho,,,,,,,
American Sniper - Official Trailer [HD],,,,,,,
Ammonite Trailer #1 (2020) | Movieclips Trailers,,,,,,,
Amour (2012) - Official Trailer [HD],,,,,,,
Ana y bruno 2017,,,,,,,
Anatomía de una asesinato (1959),,,,,,,
Ancient Apocalypse | Official Trailer | Netflix,,,,,,,
AndhaDhun | Official Trailer | Tabu | Ayushmann Khurrana | Radhika Apte | 5th October,,,,,,,
Angels wear white,,,,,,,
Anomalisa,,,,,,,
Another day of life  2018,,,,,,,
Another round,,,,,,,
Antz 1998 ,,,,,,,
AÑO BISIESTO,,,,,,,
Apocalypse Now,,,,,,,
Apollo 10 1/2: A Space Age Childhood | Official Trailer | Netflix,,,,,,,
APOLLO 11 Trailer (2019),,,,,,,
Apollo 13,,,,,,,
Apolo 18 ,,,,,,,
April and the extraordinary world,,,,,,,
"Argentina, 1985 (2022) Amazon Tráiler Oficial Español Latino",,,,,,,
Argo,,,,,,,
Armitage III Dual Matrix,,,,,,,
ARRANCAME LA VIDA,,,,,,,
Arrival ,,,,,,,
Arrugas,,,,,,,
"As Above, So Below Official Trailer #1 (2014) - Ben Feldman Horror Movie HD",,,,,,,
Atame!,,,,,,,
ATHENA directed by Romain Gavras | Official Trailer | Netflix,,,,,,,
Atonement ,,,,,,,
ATRACCIÓN PELIGROSA - Trailer oficial subtitulado en español,,,,,,,
Audition,,,,,,,
Aún Estoy Aquí l Tráiler Oficial,,,,,,,
Automata,,,,,,,
Avril y el mundo alterado 2015,,,,,,,
BABY BOY (2001) – Official Trailer,,,,,,,
"BABYLON | Official Trailer (2022 Movie) – Brad Pitt, Margot Robbie, Diego Calva, Tobey Maguire",,,,,,,
BACURAU ,,,,,,,
BAD EDUCATION Tráiler Español Sub. (2020),,,,,,,
Baraka Original Theatrical Trailer ,,,,,,,
Barbaque - Teaser,,,,,,,
Barbarian (2022) - Tráiler Subtitulado en Español,,,,,,,
Barbarian (2022) - Tráiler Subtitulado en Español,,,,,,,
Basic Instinct (1992) - Official Trailer,,,,,,,
Basket Case (1982) ORIGINAL TRAILER [HD 1080p],,,,,,,
Bastarden I Trailer 2023,,,,,,,
Batalla de baile contra los colonizadores | Clip oficial | RRR,,,,,,,
Battle angel Alita,,,,,,,
BATTLE OF THE SEXES Trailer 2 (2017),,,,,,,
battle royale,,,,,,,
Being There (1979) UK Theatrical Trailer.,,,,,,,
Belladonna of sadness,,,,,,,
Belladonna of Sadness 1973,,,,,,,
Bellas de Noche ,,,,,,,
Belle ,,,,,,,
Benediction Trailer #1 (2022) | Movieclips Indie,,,,,,,
Ben-Hur,,,,,,,
"Better Man | Official Trailer (2024 Movie) – Robbie Williams, Michael Gracey, Jonno Davies",,,,,,,
Bienvenidos a la Tierra | Tráiler Oficial 2 | Disney+,,,,,,,
Bienvenidos a la Tierra con Will Smith | Tráiler Oficial subtitulado | Disney+,,,,,,,
Bird,,,,,,,
Birdboy,,,,,,,
Bitter Moon - Trailer,,,,,,,
Black is Beltza 2018,,,,,,,
Blade runner ,,,,,,,
Blades of the Guardians - Official Trailer,,,,,,,
Blame!,,,,,,,
Blindness (2008) Official HD Trailer [1080p],,,,,,,
Blonde (EN ESPAÑOL) | Tráiler oficial | Netflix,,,,,,,
Blood Brothers | Malcolm X & Muhammad Ali Official Trailer | Netflix,,,,,,,
Blood Diamond (2006) Official Trailer - Leonardo DiCaprio Movie,,,,,,,
Blue Velvet official rerelease trailer,,,,,,,
Bob Spit: We Do Not Like People 2021,,,,,,,
Body Double | Official Trailer (1984),,,,,,,
"Body Heat (1981) Official Trailer - William Hurt, Kathleen Turner Movie HD",,,,,,,
Boiling Point Trailer #1 (2021) | Movieclips Indie,,,,,,,
Bone Tomahawk - Trailer español (HD),,,,,,,
Bonnie and Clyde - The Highwaymen LAST SCENE HD / Final / Shootout / 2019,,,,,,,
Boogie el Aceitoso,,,,,,,
BORAT 2 Tráiler Español Subtitulado (2020),,,,,,,
Borrar de la Memoria Trailer Oficial,,,,,,,
Boulevard ,,,,,,,
Bound (1996) ORIGINAL TRAILER [HD],,,,,,,
Bowling for Columbine Official Trailer #1 - Michael Moore Movie (2002) HD,,,,,,,
Brain Dead (1990) - Official Trailer,,,,,,,
Braindead - Trailer Español [HD],,,,,,,
"Brazil (1985) Official Trailer - Jonathan Pryce, Terry Gilliam Movie HD",,,,,,,
Bridge of Spies Official Trailer #1 (2015) - Tom Hanks Cold War Thriller HD,,,,,,,
"Bridge On The River Kwai, The (original Version) - Trailer",,,,,,,
Bridge To Terabithia (2007) Official Trailer,,,,,,,
Brokeback Mountain 2005 Trailer HD | Jake Gyllenhaal | Heath Ledger,,,,,,,
Broken Blade Official Trailer,,,,,,,
Buena Vista Social Club (1999) Trailer,,,,,,,
Burning,,,,,,,
Cabeza de Vaca......,,,,,,,
Cadena perpetua  1979 Drama,,,,,,,
Cadena Perpetua. Arturo Ripstein,,,,,,,
Callejon de los milagros,,,,,,,
Camila Official Trailer 1 GEA Producciones,,,,,,,
CANCIÓN SIN NOMBRE 2019,,,,,,,
Canino 2009 Comedia negra,,,,,,,
Capernaum,,,,,,,
Captain Fantastic (2016) Primer Tráiler Oficial Español,,,,,,,
Carros de Fuego - B.S.O.,,,,,,,
Casablanca,,,,,,,
CASSHERN SINS y el miedo a la MUERTE | Análisis Anime | Recomendación,,,,,,,
Cat People (1982) - Official Trailer,,,,,,,
Cero y van Cuatro Trailer Oficial,,,,,,,
Chainsaw Man | TRÁILER OFICIAL,,,,,,,
Chainsaw Man | TRÁILER OFICIAL,,,,,,,
Challenger: The Final Flight | Official Trailer | Netflix,,,,,,,
Charade (1963),,,,,,,
"Charade (1963) Official Trailer - Cary Grant, Audrey Hepburn Movie HD",,,,,,,
Chavela Trailer #1 (2017) | Movieclips Indie,,,,,,,
Cheatin' 2013 ,,,,,,,
Chico & Rita 2010 Musica,,,,,,,
Children of Men ,,,,,,,
Chinatown (1974) Trailer #1 | Movieclips Classic Trailers,,,,,,,
Chingolandia ,,,,,,,
CHUNGKING EXPRESS 4K | Official Trailer (English),,,,,,,
CHUNGKING EXPRESS 4K | Official Trailer (English),,,,,,,
Cinderella man: El hombre que no se dejó tumbar - trailer subtitulado,,,,,,,
"Cine Mexicano ""Una Familia de tantas""",,,,,,,
Cinema Paradiso (1988) - Official Trailer,,,,,,,
CIRCLE (2015) movie clip,,,,,,,
Citizen Kane,,,,,,,
Ciudad de Dios,,,,,,,
Ciudades Oscuras - Trailer,,,,,,,
Clannad: After Story 2008 Comedia,,,,,,,
"Clara' (los últimos años de Robert Schumann) Alemania, 2008 PELÍCULA COMPLETA",,,,,,,
Cloud Atlas ,,,,,,,
C'mon C'mon | Official Trailer HD | A24,,,,,,,
Coda: Señales del Corazón - Tráiler,,,,,,,
Coherence,,,,,,,
Colección Aardman 1994 ,,,,,,,
Colorful,,,,,,,
Columbus Trailer #1 (2017) | Movieclips Indie,,,,,,,
Coma (2020) | Tráiler Oficial Subtitulado | Ciencia Ficción,,,,,,,
Come and see,,,,,,,
Como Agua Para Chocolate (1992),,,,,,,
Como agua para chocolate ,,,,,,,
CÓMPRAME UN REVÓLVER,,,,,,,
Contact,,,,,,,
Contagio - Tráiler Oficial HD,,,,,,,
"Contergan, Efectos secundarios",,,,,,,
Contratiempo,,,,,,,
Conversaciones con asesinos: Las cintas de John Wayne Gacy | Tráiler oficial | Netflix,,,,,,,
COOL RUNNINGS | Finish the Race,,,,,,,
Cópias - De Volta à Vida | Trailer Dublado,,,,,,,
"Copycat (1995) Official Trailer - Sigourney Weaver, Holly Hunter Movie HD",,,,,,,
"Coraline (2009) Official Trailer - Dakota Fanning, Teri Hatcher Movie HD",,,,,,,
Coraline ,,,,,,,
Corazon Salvaje (Wild at Heart) -Trailer (VO),,,,,,,
Corpse Party: Tortured Souls ,,,,,,,
Cosas Imposibles,,,,,,,
COWSPIRACY - Official Trailer - HD,,,,,,,
Creature Commandos | Official Trailer | Max,,,,,,,
Crimes of the Future - Trailer Oficial Subtitulado Español Latino,,,,,,,
Cristiada Trailer 2013,,,,,,,
Cronos ,,,,,,,
CRONOS (1993) Trailer Remastered HD,,,,,,,
"Crouching tiger, Hidden Dragon ",,,,,,,
Cryptozoo 2021,,,,,,,
Cuando el destino nos alcance - Película de culto por Mario Giacomelli,,,,,,,
CUATRO LUNAS,,,,,,,
Cuba and the Cameraman | Official Trailer [HD] | Netflix,,,,,,,
CUBA FELIZ with English Subtitles - A musical documentary by Karim Dridi,,,,,,,
Cube (1997) - Trailer Castellano,,,,,,,
Cuentos de terramar,,,,,,,
Cyber City Oedo 808 [remastered] - Coming to Blu-ray,,,,,,,
Dallas Buyers Club Trailer 2014 Español,,,,,,,
Dancer in the dark ,,,,,,,
Dances With Wolves (1990) - Kevin Costner Western Movie HD,,,,,,,
Danzón. 1991. México. María Novaro,,,,,,,
"Dark City (1998) Official Trailer - Jennifer Connelly, Kiefer Sutherland Sci-Fi Movie HD",,,,,,,
Das Boot ,,,,,,,
Dawn of the Dead (1978) | Original Trailer [HD] | Coolidge Corner Theatre,,,,,,,
Dawn Of The Dead (2004) - Official Trailer (HD),,,,,,,
De dioses y hombres pelicula completa subtitulos en español,,,,,,,
DE KUTHOER | officiële trailer | UHD | Dw,,,,,,,
Dead leaves,,,,,,,
Dead Man (1995) Official Trailer - Johnny Depp Movie HD,,,,,,,
Dead Poets Society (1989) Trailer #1 | Movieclips Classic Trailers,,,,,,,
Dead Poets Society (1989) Trailer #1 | Movieclips Classic Trailers,,,,,,,
Dead Ringers (1988) - Official Trailer (HD),,,,,,,
Dead Set - Tráiler | Filmin,,,,,,,
Dead Snow 2: Red vs Dead - Official Trailer,,,,,,,
Dead Space: Downfall (2008) Original Trailer [FHD],,,,,,,
Dear Audrey - Official Trailer,,,,,,,
DECISION TO LEAVE | Official Trailer | In Theaters & Now Streaming on MUBI,,,,,,,
Deep Time History 1/3: The Rise of Civilization,,,,,,,
deepwater horizon,,,,,,,
DÉJAME ENTRAR,,,,,,,
Déjame Entrar (Let Me In),,,,,,,
DEL OLVIDO AL NO ME ACUERDO - PELICULA COMPLETA,,,,,,,
Delicatessen,,,,,,,
Delicioso - Trailer español,,,,,,,
"Demolition Man (1993) Official Trailer - Sylvester Stallone, Wesley Snipes Action Movie HD",,,,,,,
Deranged,,,,,,,
Deranged (연가시) ,,,,,,,
Desafio Total ,,,,,,,
Desde allá ,,,,,,,
Despidiendo a Yang - Tráiler Oficial en Español,,,,,,,
Detroit Trailer # 2 (2017) | Movieclips Trailers,,,,,,,
"Devil's Advocate (1997) Official Trailer - Al Pacino, Keanu Reeves Drama Movie HD",,,,,,,
Diamantes en bruto (subtítulos) - Tráiler - Netflix,,,,,,,
Días de Combate,,,,,,,
Diego Maradona (2019): Official Trailer | HBO,,,,,,,
Dinosaur 13 - Official Trailer,,,,,,,
"Documental: ""Que Invadimos Ahora"" de Michael Moore",,,,,,,
Dog Day Afternoon (1975) Official Trailer - Al Pacino Movie,,,,,,,
DOGMAN Trailer (2023) Luc Besson,,,,,,,
Dominion (2018) - full documentary [Official],,,,,,,
Donde esta Anne Frank?,,,,,,,
Donde Viven Los Monstruos,,,,,,,
Donnie Darko ,,,,,,,
Don't Look Now (1973) Trailer #1 | Movieclips Classic Trailers,,,,,,,
DOÑA PERFECTA 1950,,,,,,,
Dos monjes (1934),,,,,,,
Double Indemnity (1944) ,,,,,,,
Double Jeopardy (1999) Official Trailer - Ashley Judd Movie HD,,,,,,,
Double Lover (L'Amant Double) – Trailer official (English) from Cannes (new),,,,,,,
Downfall (2004) - Clip 1: Steiner's Attack,,,,,,,
Dr. Strangelove,,,,,,,
Dr. Strangelove (1964) ,,,,,,,
Dracula De Bram Stoker,,,,,,,
Dressed to Kill Official Trailer #1 - Michael Caine Movie (1980) HD,,,,,,,
DRIVE MY CAR - Trailer,,,,,,,
Drive My Car Trailer #1 (2021) | Movieclips Indie,,,,,,,
"Dulces Sueños, Mamá -Trailer Oficial HD",,,,,,,
Dune | Official Main Trailer,,,,,,,
DUSK CHORUS - trailer EN,,,,,,,
Earthstorm | Official Trailer | Netflix,,,,,,,
Eating Raoul (1982) Trailer,,,,,,,
Eco de la Montaña ,,,,,,,
Ed Gein (2000) - Official Trailer,,,,,,,
Eden Lake (2008) Trailer Subtitulado,,,,,,,
El abuelo que saltó por la ventana y se largó Trailer 2014 Español,,,,,,,
EL AGENTE TOPO,,,,,,,
"El Alcalde (The Mayor) a film by ""Emiliano Altuna, Diego Enrique Osorno, Carlos Rossini """,,,,,,,
El ángel exterminador (1962,,,,,,,
El año más violento - Trailer español (HD),,,,,,,
El Apando (TRAILER),,,,,,,
El aura ,,,,,,,
EL BASTARDO Tráiler Español Latino (2024) Mads Mikkelsen,,,,,,,
El Buen cristiano (2016) - Trailer Oficial HD,,,,,,,
EL CALLEJÓN DE LOS MILAGROS,,,,,,,
El Cambio - Cine en línea - Filmoteca UNAM,,,,,,,
El canto de los Pajaros,,,,,,,
El Castillo De La Pureza,,,,,,,
El Cielo y Tu (1971) Party Scene,,,,,,,
El Clan,,,,,,,
El Club,,,,,,,
El Código Enigma Trailer Oficial Subtitulado,,,,,,,
El Conde de Montecristo - Tráiler Oficial,,,,,,,
EL CUARTO DE LOS HUESOS ,,,,,,,
El cuarto desnudo (2013) dir. Nuria Ibáñez - trailer,,,,,,,
El Dia de la Bestia ,,,,,,,
El Dia de la Bestia (Trailer español),,,,,,,
El diablo entre las piernas,,,,,,,
EL DISCRETO ENCANTO DE LA BURGUESIA ,,,,,,,
El discreto encanto de la burguesía (1972),,,,,,,
El discurso del Rey - Trailer en español,,,,,,,
El esqueleto de la señora Morales,,,,,,,
EL ESQUELETO DE LA SEÑORA MORALES (1959),,,,,,,
El Evangelio de las Maravillas ,,,,,,,
El extraño 곡성,,,,,,,
EL FOTÓGRAFO DE MAUTHAUSEN. Tráiler Oficial. Ya en cines.,,,,,,,
EL GATO CON BOTAS: EL ÚLTIMO DESEO - Tráiler Oficial (Universal Pictures) HD,,,,,,,
El Gran Calavera (1949),,,,,,,
El Grinch (Trailer español),,,,,,,
El guardián de la memoria (2019),,,,,,,
EL HIJO DE SAÚL | Trailer subtitulado (HD),,,,,,,
El hilo fantasma,,,,,,,
El hombre que cayó a la tierra - Tráiler,,,,,,,
EL HOMBRE QUE CONOCÍA EL INFINITO (2016) Primer Tráiler Oficial Español,,,,,,,
El hombre que vio demasiado (Trailer),,,,,,,
El hombre sin rostro  1950,,,,,,,
El hombre y el monstruo 1958,,,,,,,
El hundimiento ,,,,,,,
El Informante | Trailer Oficial | Subtitulado,,,,,,,
El Jeremías Official Trailer 1 (2016) - Martín Castro Movie,,,,,,,
El Lado Oscuro Del Corazón,,,,,,,
El Lector (The Reader) - TRAILER ESPAÑOL,,,,,,,
El libro de piedra,,,,,,,
El Llamado Salvaje | Primer Tráiler doblado,,,,,,,
El lugar más pequeño (2011) - Tráiler oficial,,,,,,,
El lugar sin límites (1978),,,,,,,
ÉL ME LLAMÓ MALALA Tráiler Oficial en español (2015) HD,,,,,,,
El método ,,,,,,,
El misterio del rostro pálido (1935).,,,,,,,
El niño y el mundo  2013,,,,,,,
El Nombre De La Rosa (Pelicula Español Latino),,,,,,,
"EL PEPE, UNA VIDA SUPREMA Trailer | Spotlight | Filmfest München 2019",,,,,,,
El Pequeño Nemo (1989) - Película completa | Doblaje Español,,,,,,,
El profesor (Detachment) - Trailer español,,,,,,,
El Puente de los Espías Tráiler Oficial (Tom Hanks) Español,,,,,,,
El Robo del Siglo,,,,,,,
El Santo Oficio,,,,,,,
El silencio de otros ,,,,,,,
EL SUAVECITO Dir Fernando Mendez,,,,,,,
El sueño del Mara'akame,,,,,,,
El Superviviente De Auschwitz - Tráiler Oficial en Español,,,,,,,
El tercer hombre (1949),,,,,,,
EL TESORO DE LA SIERRA MADRE 1948,,,,,,,
EL TÚNEL - Trailer Español Latino 2020,,,,,,,
El Último Paciente: Chronic,,,,,,,
El vengador anonimo 1 latino,,,,,,,
Election (1999) Official Trailer #1 - Reese Witherspoon Movie HD,,,,,,,
ELEVATOR TO THE GALLOWS | Official Trailer | MUBI,,,,,,,
Elle - Trailer subtitulado en español (HD),,,,,,,
Elton John: El Show Despedida | Tráiler Oficial | Disney+,,,,,,,
ELVIS: Tráiler Oficial en Español Latino I #Tráiler,,,,,,,
En busca del fuego. La risa. Jean-Jacques Annaud 1981,,,,,,,
En este Rincón del Mundo 2016 guerra ,,,,,,,
ENAMORADA 1946,,,,,,,
ENCUENTROS EN LA TERCERA FASE,,,,,,,
Enemy at the Gates (2001) Official Trailer #1 - Jude Law Movie HD,,,,,,,
Enlace mortal,,,,,,,
Ennio - Official Trailer,,,,,,,
Ensayo de un crimen 1995 Drama ,,,,,,,
Entrevista con el vampiro ,,,,,,,
Epicentro 2017 (1),,,,,,,
EPITAFIO ,,,,,,,
Equilibrium,,,,,,,
Equilibrium (1/12) Movie CLIP - Lights Out (2002) HD,,,,,,,
er ist weider da (he vuelto),,,,,,,
ERASED (Boku Dake ga Inai Machi) MOVIE TRAILER,,,,,,,
Eraserhead (1977) Trailer #1 | Movieclips Classic Trailers,,,,,,,
Ernest & Celestine,,,,,,,
Escena de Giordano Bruno (1973) - Interrogatorio de la Inquisición,,,,,,,
Espejos Siniestros ,,,,,,,
Están vivos,,,,,,,
Están vivos (Trailer),,,,,,,
Eter - Trailer español (HD),,,,,,,
eternal sunshine of the spotless mind ,,,,,,,
"Eternal Sunshine of the Spotless Mind Official Trailer #1 - Jim Carrey, Kate Winslet Movie (2004) HD",,,,,,,
Ethel & Ernest  2017 Guerra,,,,,,,
Eva Official US Release Trailer 1 (2015) - Daniel Bruhl Robot Movie HD,,,,,,,
Event Horizon (1997) Trailer #1 | Movieclips Classic Trailers,,,,,,,
Everything Everywhere All at Once (2022) - Tráiler Subtitulado en Español,,,,,,,
Everything Everywhere All At Once | Official Trailer HD | A24,,,,,,,
Evil Dead 2: Dead by Dawn (1987) Trailer #1 | Movieclips Classic Trailers,,,,,,,
Ex Machina | Official Teaser Trailer HD | A24,,,,,,,
"Ex Machina Official Teaser Trailer #1 (2015) - Oscar Isaac, Domhnall Gleeson Movie HD",,,,,,,
Exam (2009) - Official Trailer #exam,,,,,,,
Examen de conciencia | Avance oficial | Netflix España,,,,,,,
eXistenZ (1/10) Movie CLIP - Getting a Bio-Port (1999) HD,,,,,,,
"Eyes Wide Shut (1999) Official Trailer - Tom Cruise, Nicole Kidman Movie HD",,,,,,,
FALLEN ANGELS 4K | Official Trailer,,,,,,,
Falling Down (6/10) Movie CLIP - The Customer is Always Right (1993) HD,,,,,,,
Familia de Medianoche,,,,,,,
Fantastic Planet ,,,,,,,
Fargo,,,,,,,
Fatal Attraction (1987) Trailer #1 | Movieclips Classic Trailers,,,,,,,
Fausto (1926) película completa.,,,,,,,
Felidae,,,,,,,
Fences (2016) -clip- ¿por qué no te caigo bien?,,,,,,,
Fight Club,,,,,,,
FIGURAS OCULTAS | Tráiler | 20 de enero en cines,,,,,,,
Film Trailer: Tiszta szívvel / Kills on Wheels,,,,,,,
Fire in the Sky (1993) Original Trailer [FHD],,,,,,,
Fire of Love - Official UK Trailer,,,,,,,
First Reformed | Official Trailer HD | A24,,,,,,,
Fisher King (1991) - Trailer HD Remastered,,,,,,,
Fitzcarraldo (1982) ORIGINAL TRAILER [HD 1080p],,,,,,,
Flashdance ,,,,,,,
Flawless (2007) Official Trailer #1 - Demi Moore Movie HD,,,,,,,
FLCL,,,,,,,
Flee,,,,,,,
Flor en Otomí ,,,,,,,
Flow - Official Trailer,,,,,,,
Flow - Official Trailer,,,,,,,
Followed,,,,,,,
Ford v. Ferrari (2019) Tráiler Oficial Subtitulado,,,,,,,
Forgotten [Olvidado] - Trailer en Español Latino l Netflix,,,,,,,
Forrest Gump - Trailer,,,,,,,
"Foxcatcher Official Trailer #1 (2014) - Channing Tatum, Steve Carell Drama HD",,,,,,,
FRACTURED | Official Trailer | CAN YOU SOLVE THE MYSTERY? | Netflix,,,,,,,
FRANCESCO (2020) documentary film trailer,,,,,,,
Frankenweenie,,,,,,,
"FREAKS 🎥 Tráiler En ESPAÑOL (Subtitulado) LATAM 🎬 Película, Ciencia Ficción, Drama, Suspenso",,,,,,,
"FREQUENCY (2000, Español Trailer).",,,,,,,
Fritz the cat,,,,,,,
From Beyond (1986) - Trailer,,,,,,,
From up on Poppy Hill,,,,,,,
Frontière(s). (Trailer 2007 ITA),,,,,,,
Full Metal Jacket (1987) - Private Pyle Fails Scene (2/10) | Movieclips,,,,,,,
Full Metal Jacket | 4K Trailer | Warner Bros. Entertainment,,,,,,,
Gánster Americano - son importantes o pobres diablos.,,,,,,,
Gatta Cenerentola  2017,,,,,,,
Genius Party 2007,,,,,,,
Genocyber,,,,,,,
Get On Up | A James Brown Rehearsal | Film Clip,,,,,,,
Ghost in the shell,,,,,,,
ghost in the shell,,,,,,,
Ghost in the Shell: Stand Alone Complex 2004,,,,,,,
Ghost World (2001) - Official Trailer 1 - Steve Buscemi Movie HD,,,,,,,
Ghostlight - Official Trailer | HD | IFC Films,,,,,,,
Gladiator ,,,,,,,
Gladiator ,,,,,,,
Gone Girl | Official Trailer [HD] | 20th Century FOX,,,,,,,
Gone with the Wind,,,,,,,
González: Falsos Profetas ,,,,,,,
Good Luck To You Leo Grande | Official Trailer | Hulu,,,,,,,
"GOOD LUCK TO YOU, LEO GRANDE | Official Trailer | Searchlight Pictures",,,,,,,
Good Morning Vietnam ,,,,,,,
Good will hunting,,,,,,,
Goodbye Lenin! (2003) - Movie Trailer,,,,,,,
"Gorillas In The Mist (1988) Official Trailer - Sigourney Weaver, Bryan Brown Movie HD",,,,,,,
Gozu,,,,,,,
Graffiti Bridge (1990) Official Trailer - Prince Purple Rain Sequel Movie HD,,,,,,,
Gran torino,,,,,,,
Gravity ,,,,,,,
Green Room | Official Red Band Trailer HD | A24,,,,,,,
Gremlins,,,,,,,
Gremlins (1984) Official Trailer #1 - Horror Comedy,,,,,,,
Groundhog Day (1993) Trailer #1 | Movieclips Classic Trailers,,,,,,,
Grounhog Day,,,,,,,
Guerra Fría - Trailer Oficial HD,,,,,,,
Gyakusatsu kikan,,,,,,,
H2O MX TRÁILER OFICIAL HD,,,,,,,
Habana Blues ,,,,,,,
hable con ella ,,,,,,,
Hacia el infierno | Tráiler | Netflix,,,,,,,
Hadashi no Gen,,,,,,,
HANDS OF STONE (2016) Primer Tráiler Oficial Subtitulado,,,,,,,
Hannah Arendt ,,,,,,,
Happiness,,,,,,,
Happy Feet (9/10) Movie CLIP - Mumble Makes Contact (2006) HD,,,,,,,
Harvie Krumpet 2003 ,,,,,,,
HASTA LOS DIENTES ,,,,,,,
HASTA LOS DIENTES (Documental) México #HastaLosDientes,,,,,,,
HASTA LOS HUESOS - Tráiler Oficial,,,,,,,
Haute Tension,,,,,,,
Heart of a Dog Official Trailer 1 (2015) - Documentary Movie HD,,,,,,,
Heartbreak Ridge (1986) Official Trailer - Clint Eastwood Drama Movie HD,,,,,,,
Heat (Modern Trailer),,,,,,,
Heat ,,,,,,,
Heaven's Gate (1980) ,,,,,,,
Heavy Metal ,,,,,,,
Heli,,,,,,,
Hellraiser,,,,,,,
Hellraiser (1987) Trailer,,,,,,,
Hellraiser | Official Trailer | Hulu,,,,,,,
Heretic | Official Trailer HD | A24,,,,,,,
Hero (2002) Official Trailer 1 - Jet Li Movie,,,,,,,
HÉROES EN EL INFIERNO - Tráiler Oficial en ESPAÑOL | Sony Pictures España,,,,,,,
Hidden Figures | Teaser Trailer [HD] | 20th Century FOX,,,,,,,
High and Low (Tengoku to Jigoku) 1963 trailer with subtitles,,,,,,,
HIJOS DE PERRA Tráiler Español Latino (2023),,,,,,,
HIS HOUSE | Official Trailer | Netflix,,,,,,,
Historias Cruzadas (The Help) [Trailer HD Subtitulado],,,,,,,
Hitler Rise of Evil Trailer (2003),,,,,,,
Holy Motors ,,,,,,,
Hombre Mirando al Sudeste,,,,,,,
HOPE (Korean),,,,,,,
Hot Docs 2019 Trailers: THE GUARDIAN OF MEMORY,,,,,,,
Hotel Rwanda 2004  Guerra ,,,,,,,
Human Official Trailer 1 (2016) - Documentary,,,,,,,
HUMAN The movie (Director's cut version) - Español,,,,,,,
"HUMAN, SPACE, TIME AND HUMAN Trailer",,,,,,,
Hundreds of Beavers | Official Trailer | Coming to Fandor April 19,,,,,,,
Hustle | Official Teaser | Netflix,,,,,,,
Hustle starring Adam Sandler | Official Trailer | Netflix,,,,,,,
Hysteria ,,,,,,,
"I AM A HERO Tráiler Español (Acción, Terror Película - 2017)",,,,,,,
I Am Not Your Negro | James Baldwin on the Dick Cavett Show | Netflix,,,,,,,
I Feel Good Trailer 2014 Español,,,,,,,
I Saw The Devil,,,,,,,
I SEE YOU Trailer [HD] Mongrel Media,,,,,,,
I want to eat your pancreas,,,,,,,
Identity,,,,,,,
Idiocracia ,,,,,,,
Il vangelo secondo Matteo (1964) Original Trailer [FHD],,,,,,,
ILLANG: La Brigada Del Lobo (Trailer español),,,,,,,
ils,,,,,,,
I'm Dreaming of Home - Joyeux Noël (2005),,,,,,,
In The Earth (2021) - Tráiler Subtitulado en Español,,,,,,,
In the Mood for Love (2000) ORIGINAL TRAILER [HD],,,,,,,
in this corner of the world,,,,,,,
incedies,,,,,,,
Incendies | Official Trailer HD (2011),,,,,,,
Inception ,,,,,,,
Indochina - Tráiler,,,,,,,
Infernal Affairs (2002) ORIGINAL TRAILER [HD 1080p],,,,,,,
inglorious Basterds,,,,,,,
Insomnia - Trailer,,,,,,,
Interview With the Vampire (1994) Trailer #1 | Movieclips Classic Trailers,,,,,,,
Intimidades de Shakespeare y Victor Hugo,,,,,,,
Into the Wild - Tráiler en Español,,,,,,,
Invasion — Official Trailer | Apple TV+,,,,,,,
It follows,,,,,,,
It Follows Official Trailer 1 (2015) - Horror Movie HD,,,,,,,
Jack Frost (1998) Official Trailer - Michael Keaton Family Snowman Drama Movie HD,,,,,,,
Jacob's Ladder,,,,,,,
Jacob's Ladder (1990) - Official Trailer,,,,,,,
Jersey Boys - Tráiler Oficial en español HD,,,,,,,
JERUZALEM - Official Trailer (UNRATED),,,,,,,
"John Q (2002) Official Trailer - Denzel Washington, Robert Duvall Movie HD",,,,,,,
Johnny Mnemonic ,,,,,,,
Johnny Mnemonic (1995) Original Trailer [FHD],,,,,,,
Jojo Rabbit,,,,,,,
Juan de los muertos ,,,,,,,
Juan De Los Muertos /Comedia de terror Cubana,,,,,,,
Juice - How Could I Just Kill A Man (Scene) - 1992,,,,,,,
JUJUTSU KAISEN 0 Tráiler Español Latino Subtitulado (2022),,,,,,,
Junk Head 2017,,,,,,,
Juror #2 | Official Trailer,,,,,,,
Justicia para el pequeño Gabriel,,,,,,,
KABULI KID OFFICIAL TRAILER,,,,,,,
Keith Richards: Under the Influence - Un Documental de Netflix,,,,,,,
"Kenshin, El Guerrero Samurái: 1999 ",,,,,,,
Kidnapped (Secuestrados) ,,,,,,,
Killer klowns,,,,,,,
Killer Ratings | Tráiler oficial | Netflix,,,,,,,
Kimba el leon blanco ,,,,,,,
Kimi | Tráiler | HBO Max,,,,,,,
King of thorn,,,,,,,
KING RICHARD – Official Trailer,,,,,,,
Kirikú y la bruja ,,,,,,,
Kiss the Girls - Trailer,,,,,,,
Kitustrailers: 13 TZAMETI (Trailer en español),,,,,,,
Kitustrailers: UN PLAN BRILLANTE (Trailer en español),,,,,,,
Knife in the Water - A Knife Comes in Handy,,,,,,,
"Knives Out (2019 Movie) Official Trailer — Daniel Craig, Chris Evans, Jamie Lee Curtis",,,,,,,
knives out ,,,,,,,
Koi No Mon (Trailer),,,,,,,
Kotaro lives alone,,,,,,,
"Krampus Official Trailer #1 (2015) Adam Scott, Toni Collette Horror Movie HD",,,,,,,
Ku! Kin-dza-dza 2013,,,,,,,
Kubo and the Two Strings  2016,,,,,,,
Kung Fu Hustle (2004) - trailer,,,,,,,
La 4.ª compañía ,,,,,,,
La Caída - Tráiler Oficial | Prime Video,,,,,,,
La Caída - Tráiler Oficial | Prime Video,,,,,,,
La caida (2004) escena con audio latino,,,,,,,
La casa de la alegría,,,,,,,
La casa Lobo ,,,,,,,
LA CHICA DANESA: Tráiler Mundial (Universal Pictures) [HD],,,,,,,
LA CHICA DE LA AGUJA | Tráiler Oficial | Enero 9 en cines,,,,,,,
La chica que saltaba a través del tiempo,,,,,,,
La Chica Salvaje - Tráiler Oficial,,,,,,,
La Civil ,,,,,,,
La comedia de la vida 1931,,,,,,,
"LA Confidential (1997) Official Trailer - Kevin Spacey, Guy Pearce Movie HD",,,,,,,
La Demora ,,,,,,,
La doncella - Trailer subtitulado en español (HD),,,,,,,
La doncella - Trailer subtitulado en español (HD),,,,,,,
la estrategia del caracol,,,,,,,
La extraordinaria historia de los Juegos Paralímpicos (en ESPAÑOL) | Tráiler oficial | Netflix,,,,,,,
La Favorita | Primer Trailer subtitulado | Próximamente - Solo en cines,,,,,,,
La Haine | Trailer | 1995,,,,,,,
la historia oficial,,,,,,,
La historia oficial - Trailer,,,,,,,
La isla de Giovanni 2014,,,,,,,
La Isla Mínima - Tráiler Oficial HD,,,,,,,
La Jaula de Oro ,,,,,,,
La Jaula de Oro - Tráiler #1 Oficial - HD,,,,,,,
La jauria Humana,,,,,,,
La Ley de Herodes,,,,,,,
La ley de Herodes (1999),,,,,,,
La Leyenda del Rey Cangrejo - Trailer Oficial (HD),,,,,,,
La libertad del Diablo (2017)— Tráiler Oficial HD.,,,,,,,
La libertad del Diablo (2017)— Tráiler Oficial HD.,,,,,,,
La madre del blues | Tráiler oficial | Netflix,,,,,,,
La mala educación ,,,,,,,
La Maldición de la Llorona - Tráiler Oficial (Sub. Español),,,,,,,
La mano invisible,,,,,,,
La mano invisible - Trailer español,,,,,,,
La mansión de la locura 1973 Comedia,,,,,,,
La mort en direct 1980 English Version,,,,,,,
LA MUJER DE BENJAMlN PELÍCULA COMPLETA,,,,,,,
"La Mujer que Cantaba (Incendies, 2010). De Denis Villeneuve. TRAILER SUB",,,,,,,
LA MULA - Trailer 1 - Oficial Warner Bros. Pictures,,,,,,,
La muñeca tetona,,,,,,,
La Niebla (2007) - Escena Final [Español Latino],,,,,,,
LA NOCHE DE 12 AÑOS,,,,,,,
LA NOCHE DE LOS LAPICES ,,,,,,,
La noche de los muertos vivientes,,,,,,,
La perla  1947 Drama,,,,,,,
La Región Salvaje (2017) - Oficial Trailer,,,,,,,
LA RESURRECCIÓN DE CRISTO | Trailer subtitulado (HD),,,,,,,
La resurreccion de los muertos (Les Revenants),,,,,,,
La Última Estación - Estreno 11 de Junio 2010 - Trailer Oficial,,,,,,,
La Última Ola - The Wave - Trailer Oficial (HD),,,,,,,
La última seducción (1994) | Trailer | Full HD | 1080p,,,,,,,
La última tentación de Cristo - Trailer V.O,,,,,,,
La vida de calabacin  2016,,,,,,,
La Vie en Rose 2007 Musica,,,,,,,
"La vocera, documental que muestra la lucha indígena en México a través de la candidatura de Marichuy",,,,,,,
Ladrona de Libros | Trailer Subtitulado en Español HD,,,,,,,
Laika 2017,,,,,,,
Las elegidas ,,,,,,,
Las golondrinas de kabul,,,,,,,
Las Horas Contigo,,,,,,,
Las horas más oscuras (The Darkest Hour) Trailer 1 (Universal Pictures) HD,,,,,,,
"Las Hurdes, Tierra Sin Pan (1932)",,,,,,,
Las ilusiones perdidas - Trailer español,,,,,,,
Las tres muertes de Marisela Escobedo | Tráiler oficial | Netflix,,,,,,,
Las tres muertes de Marisela Escobedo | Tráiler oficial | Netflix,,,,,,,
Las tres perfectas 1953 ,,,,,,,
Lascars,,,,,,,
Last Exile Trailer,,,,,,,
LAST SHIFT Trailer (2014),,,,,,,
Lawrence of Arabia (1962) Trailer #1 | Movieclips Classic Trailers,,,,,,,
Le megasin des suicides ,,,,,,,
Le portrait de Petti Cossette,,,,,,,
Le Sommet des Dieu 2021,,,,,,,
Life is Beautiful,,,,,,,
Life of Pi Official Trailer #1 (2012) Ang Lee Movie HD,,,,,,,
Life Overtakes Me | Official Trailer | Netflix,,,,,,,
Lion,,,,,,,
Llámenme Mike ,,,,,,,
Lolita,,,,,,,
Los 43 de Ayotzinapa | Episodio 01 | Max,,,,,,,
LOS ALBANILES ...PELICULA COMPLETA . de lo mejor del cine mexicano,,,,,,,
Los Ángeles Visten De Blanco,,,,,,,
Los caifanes ,,,,,,,
LOS CRONOCRIMENES,,,,,,,
Los hombres detrás del sol/ Hei Tai Yang 731 (Trailer 1988).,,,,,,,
Los insólitos peces gato,,,,,,,
Los Lobos ,,,,,,,
Los ojos sin rostro 1960 Terror ,,,,,,,
Los renglones torcidos de Dios - Tráiler Oficial,,,,,,,
LOS RÍOS DE COLOR PÚRPURA 2 (Los ángeles del Apocalipsis) - Tráiler Español,,,,,,,
LOS SIETE PECADOS CAPITALES: Soberbia,,,,,,,
Los Últimos Días,,,,,,,
Lost Highway,,,,,,,
Lost in traslation ,,,,,,,
Lotr,,,,,,,
Loving Vincent 2017 ,,,,,,,
Luther 2003 trailer,,,,,,,
Macario 1960,,,,,,,
Macros Plus Movie,,,,,,,
Mad God 2021,,,,,,,
MADS - Teaser Tráiler Oficial VOSE,,,,,,,
Malcolm X (1992) Official Trailer - Denzel Washington Movie HD,,,,,,,
Malcolm X (1992) Official Trailer - Denzel Washington Movie HD,,,,,,,
"Malena | Official Trailer (HD) - Monica Bellucci, Giuseppe Sulfaro | MIRAMAX",,,,,,,
Maltese Falcon,,,,,,,
Manchester by the sea,,,,,,,
Mandibles / Mandibules (2020) - Trailer (English Subs),,,,,,,
Mans First Friend | Trailer | iwonder.com,,,,,,,
Maquinaria Panamericana (2016) - Trailer Oficial HD,,,,,,,
MARCEL THE SHELL WITH SHOES ON,,,,,,,
Marcel The Shell With Shoes On | Official Trailer HD | A24,,,,,,,
Mardock Scramble,,,,,,,
María de mi Corazón (1979),,,,,,,
María llena eres de gracia,,,,,,,
María Magdalena (2018) Tráiler Oficial Español,,,,,,,
"Marley & Me (5/5) Movie CLIP - You're a Great Dog, Marley (2008) HD",,,,,,,
MARS - Trailer #1 | MARS,,,,,,,
Mars | Serie estreno | Tráiler | Nat Geo,,,,,,,
Martyrs (2008),,,,,,,
Mary and max ,,,,,,,
Más Allá De Los Dos Minutos Infinitos (Trailer español),,,,,,,
Más que a nada en el mundo ,,,,,,,
Matar a un riuseñor,,,,,,,
Matar a un Ruiseñor ( 1962 ),,,,,,,
Match Point - Official Trailer - Woody Allen Movie,,,,,,,
Matrix,,,,,,,
Matrix trailer Español HD,,,,,,,
Maundy Thursday,,,,,,,
Mayhem,,,,,,,
ME LLAMO GENNET - TRÁILER OFICIAL,,,,,,,
MEDICI: MASTERS OF FLORENCE (Starring Richard Madden) - Official Trailer,,,,,,,
Meet joe Black ,,,,,,,
"Megalopolis (2024) Official Trailer - Adam Driver, Giancarlo Esposito, Nathalie Emmanuel",,,,,,,
Mellennium Actress,,,,,,,
Memento (2000) Trailer #1 | Movieclips Classic Trailers,,,,,,,
MEMORIAS DE UN CARACOL - Trailer HD Español,,,,,,,
Memories,,,,,,,
Memories of murder,,,,,,,
Mentiras blancas,,,,,,,
Metropolis,,,,,,,
Metropolis,,,,,,,
Metropolis (1927) Trailer #1 | Movieclips Classic Trailers,,,,,,,
Metropolis Trailer HD (Anime 2001),,,,,,,
MI SEMANA CON MARILYN ,,,,,,,
Michael Jackson - This Is It (Official Video),,,,,,,
"Midori, la Niña de las Camelias- Escena 1.3gp",,,,,,,
Milk Official Trailer #1 - Sean Penn Movie (2008) HD,,,,,,,
Million Dólar Baby,,,,,,,
Mind game,,,,,,,
"Mirai, mi hermana pequeña 2018",,,,,,,
Mirror | Restoration Trailer,,,,,,,
Miss Baek (2018),,,,,,,
Miss bala,,,,,,,
Modern Times,,,,,,,
Moebius (2013) Official HD Trailer [1080p],,,,,,,
Mommy Trailer 2014 Subtitulado,,,,,,,
Monogatari Series: Second Season 2013,,,,,,,
Monólogo Final de Spencer Tracy en “Adivina quien viene esta noche”,,,,,,,
Mononoke Movie - Official Trailer | AniTV,,,,,,,
MONOS Official Trailer (2019),,,,,,,
Monty Python and the Holy Grail Official Trailer - John Cleese Movie (1974),,,,,,,
Moon | Official Trailer (2009),,,,,,,
Moon ,,,,,,,
MOONAGE DAYDREAM – Tráiler Oficial (Universal Pictures) HD,,,,,,,
Moonlight | Official Trailer HD | A24,,,,,,,
Moonrise Kingdom Official Trailer #1 - Wes Anderson Movie (2012) HD,,,,,,,
Mother,,,,,,,
Mother Official HD Trailer - From the Director of THE HOST,,,,,,,
Mother ,,,,,,,
Mr. Nobody - Trailer Español,,,,,,,
Mr. Nobody ,,,,,,,
Mujeres al borde de un ataque de nervios,,,,,,,
Murder on the Orient Express,,,,,,,
MUSHISHI: La Poesía en el Anime | DOCUMENTAL | Análisis en Profundidad,,,,,,,
Mutafukaz 2017,,,,,,,
MY GIRL [1991] - Official Trailer (HD),,,,,,,
My Octopus Teacher | Official Trailer | Netflix,,,,,,,
"My Penguin Friend (2024) Official Trailer - Jean Reno, Adriana Barraza, Alexia Moyano",,,,,,,
MYSTERY TRAIN,,,,,,,
Mystic River (2/10) Movie CLIP - Is That My Daughter? (2003) HD,,,,,,,
Mystic River (2/10) Movie CLIP - Is That My Daughter? (2003) HD,,,,,,,
Nadie sabe que estoy aquí ,,,,,,,
Naked Lunch (1991) ORIGINAL TRAILER [HD],,,,,,,
Narco Circo (Trailer español),,,,,,,
Natsume Yuujinchou | Natsume queda atrapado en un frasco.,,,,,,,
Nausicaa of the valley of the wind,,,,,,,
Naves Misteriosas (Silent Running) - Trailer (VO),,,,,,,
Nazarin 1958,,,,,,,
Network (1976) Official Trailer - Peter Finch Movie,,,,,,,
"New York, I Love You - Official Trailer",,,,,,,
Ninjababy - Trailer,,,,,,,
NIÑA SOLA | Trailer | DOK.fest 2019,,,,,,,
"Nisman: el Fiscal, la Presidenta y el Espía | Tráiler Oficial | Netflix",,,,,,,
No Mercy 2010 Movie Trailer,,,,,,,
No respires,,,,,,,
Noche de Paz - Una tregua en medio de la guerra,,,,,,,
Nomadland (2021) Tráiler Oficial Español,,,,,,,
Nostalgia de la Luz - Nostalgie des Lichts (2010) Documental ,,,,,,,
Notorious (2009) Ending Scene. (HD) RIP Biggie,,,,,,,
Nudo Mixteco | Tráiler Oficial | Cinemex Casa de Arte,,,,,,,
NUESTRA HERMANA PEQUEÑA - Tráiler,,,,,,,
NUEVE REINAS 4K | Tráiler Oficial | Star Distribution,,,,,,,
Oaxacalifornia: the return | Trailer,,,,,,,
Oblivion Official Trailer #1 Tom Cruise Sci-Fi Movie HD,,,,,,,
Occult Forces 1943,,,,,,,
Official Trailer | Chip n’ Dale: Rescue Rangers | Disney+,,,,,,,
Official Trailer: 21 Grams (2003),,,,,,,
Ojos bien cerrados,,,,,,,
Oldboy,,,,,,,
OldBoy - Trailer en español (HD),,,,,,,
Oliver Twist 2005 Trailer,,,,,,,
Once You Know - Trailer,,,,,,,
One Day Official Trailer #1 - (2011) HD,,,,,,,
One Flew over the Cuckoo's Nest ,,,,,,,
One Life – Official Trailer - Warner Bros. UK & Ireland,,,,,,,
One of Us | Official Trailer [HD] | Netflix,,,,,,,
Only yesterday,,,,,,,
OPERACIÓN AVALANCHA - tráiler oficial VOSE,,,,,,,
OPERACIÓN U.N.C.L.E. - Trailer,,,,,,,
Origen: espíritus del pasado 2006 SciFi,,,,,,,
Original 1996) James And The Giant Peach Trailer,,,,,,,
Orphan Trailer # 1,,,,,,,
Osama,,,,,,,
Otakus in Love 2004 Comedia ,,,,,,,
Our Planet | Coastal Seas | FULL EPISODE | Netflix,,,,,,,
Our Planet | Official Trailer [HD] | Netflix,,,,,,,
"Outbreak (1995) Official Trailer - Dustin Hoffman, Morgan Freeman Sci-Fi Movie",,,,,,,
Outrage ,,,,,,,
Pájaros de verano - Trailer español (HD),,,,,,,
Pánico en la granja ,,,,,,,
Pan's Labyrinth (2006) Trailer #1 | Movieclips Classic Trailers,,,,,,,
Paprika,,,,,,,
"PARIS, TEXAS Trailer (1984) - The Criterion Collection",,,,,,,
Párpados Azules - Trailer,,,,,,,
Past Lives | Official Trailer HD | A24,,,,,,,
Path Adams,,,,,,,
Paths of Glory Official (1957) ,,,,,,,
Patlabor 2 Opening | 4K | enhanced version,,,,,,,
Patlabor: The Movie - HD Opening,,,,,,,
Pau Donés - Documental: Eso que tú me das (Tráiler),,,,,,,
Peace on Earth ,,,,,,,
Pelé | Official Trailer | Netflix,,,,,,,
Película | La hora de la araña / Telaraña | Trailer,,,,,,,
PEQUEÑOS GUERREROS (Trailer español),,,,,,,
Pequeños traviesos (1994),,,,,,,
Perdida ,,,,,,,
Perdida - Tráiler (HD),,,,,,,
Perfect Blue,,,,,,,
PERFECT DAYS - Official Trailer,,,,,,,
Perfume de Violetas,,,,,,,
Persepolis ,,,,,,,
Persona Season 1 | Trailer | Topic,,,,,,,
Petróleo Sangriento,,,,,,,
"Phenomena Original Trailer (Dario Argento, 1985) English Language",,,,,,,
"Pi, el Orden del Caos (1998) - Trailer Oficial",,,,,,,
Pieces of a Woman | Official Trailer | Netflix,,,,,,,
PIG (2021) - Tráiler Subtitulado en Español,,,,,,,
Pink Floyd - The Final Cut,,,,,,,
Pink Floyd: El muro 1982,,,,,,,
Pinocho de Guillermo del Toro | Tráiler oficial | Netflix,,,,,,,
Plague Dogs - Trailer,,,,,,,
Planet of the Humans: el documental de Michael Moore ya está en Youtube,,,,,,,
Poetas del cielo ,,,,,,,
"Poltergeist (1982) Official Trailer - JoBeth Williams, Craig T. Nelson Horror Movie HD",,,,,,,
POLVO Trailer Oficial,,,,,,,
Pólvora y Gloria,,,,,,,
Pompoko,,,,,,,
Portrair of lady on fire,,,,,,,
Possession (1981) - Official Trailer,,,,,,,
Possession (1981) ORIGINAL TRAILER [HD 1080p],,,,,,,
Post Mortem - Trailer,,,,,,,
Poupelle of chimney twon ,,,,,,,
Prayers for the Stolen (Noche De Fuego) ,,,,,,,
Predestination international ,,,,,,,
Prehistoric Planet — Official Trailer | Apple TV+,,,,,,,
Pride,,,,,,,
"Pride & Prejudice | Completely, Perfectly, Incandescently Happy",,,,,,,
Primal Fear (1996) Trailer #1 | Movieclips Classic Trailers,,,,,,,
Primer,,,,,,,
Primer (2004) movie official trailer in Spanish / tráiler en español castellano (doblado) [720p SD],,,,,,,
Principio y fin (trailer original),,,,,,,
Prisoner,,,,,,,
Profundo Carmesí ,,,,,,,
Profundo Carmesí Trailer,,,,,,,
Promo do filme - O outro lado do paraíso,,,,,,,
Promo Ladrón de guante blanco en Fox,,,,,,,
Psiconautas 2015,,,,,,,
Pulp fiction ,,,,,,,
Purple Rain,,,,,,,
Que bello es vivir,,,,,,,
QUÉ HARÁS CUANDO EL MUNDO ESTÉ EN LLAMAS? ,,,,,,,
"Quick Change (1990) Official Trailer - Bill Murray, Geena Davis Comedy HD",,,,,,,
Quiero comerme tu pancreas 2018,,,,,,,
"Quills (18+) Official Trailer (2000) | Biography, Drama",,,,,,,
"QUO VADIS, AIDA? | Official UK Trailer [HD]",,,,,,,
Radium Girls Trailer #1 (2020) | Movieclips Indie,,,,,,,
Raging Bull  1980 Box,,,,,,,
Raging bull ,,,,,,,
RAGING FIRE Official Trailer (2021),,,,,,,
Rango,,,,,,,
Re-Animator (1985) Trailer,,,,,,,
Re-Animator (1985) Trailer,,,,,,,
Redline,,,,,,,
"Reed, México Insurgente",,,,,,,
Remember | Official Trailer HD | A24,,,,,,,
Remember The Titans,,,,,,,
renoir ,,,,,,,
Rent-A-Pal Trailer #1 (2020) | Movieclips Indie,,,,,,,
Replicas,,,,,,,
Requiem for a Dream,,,,,,,
RESPECT | Official Trailer | MGM Studios,,,,,,,
Resurrection 1999 Trailer | Christopher Lambert | Mike Anscombe,,,,,,,
Retablo ,,,,,,,
Retorno a Aztlan ,,,,,,,
Retrato de una Mujer Casada,,,,,,,
REVELATION - SERIES TRAILER,,,,,,,
"Rewired, la serie del Dr. Joe Dispenza",,,,,,,
Rio 2096,,,,,,,
Rio Bravo ,,,,,,,
RiP! - A Remix Manifesto (subtítulos en español) HD,,,,,,,
RoboCop,,,,,,,
"Robot and Frank Trailer (2012) - Frank Langella, Susan Sarandon Movie HD",,,,,,,
Robot Carnival 1987,,,,,,,
Robots,,,,,,,
Rocky ,,,,,,,
Rojo (Trailer) - AIFF 2018,,,,,,,
Rojo amanecer ,,,,,,,
"ROJO AMANECER: EL CINE QUE NO SE OLVIDA""",,,,,,,
Rotten Tomatoes Classic Trailers,,,,,,,
"RRR Trailer (Telugu) - NTR, Ram Charan, Ajay Devgn, Alia Bhatt | SS Rajamouli | 25th March 2022",,,,,,,
Rush Trailer 2013 en español,,,,,,,
Rush Trailer 2013 en español,,,,,,,
Saint Maud | Official Trailer HD | A24,,,,,,,
SALYUT-7: HÉROES EN EL ESPACIO Tráiler Español (2018),,,,,,,
SAMSARA - Official UK trailer [HD] - In Cinemas 26 January,,,,,,,
Samsara Official Trailer #2 (2012) International Movie HD,,,,,,,
Sand Storm Official Trailer 1 (2016) - Lamis Ammar Movie,,,,,,,
Santa sangre (1989) Alejandro Jodorowsky,,,,,,,
Saving Private Ryan,,,,,,,
Scarface,,,,,,,
"Scenes from ""Love Story (1970)""",,,,,,,
Schindler's List,,,,,,,
Score: A Film Music Documentary Trailer #1 (2017) | Movieclips Indie,,,,,,,
Scott Pilgrim Vs. The World,,,,,,,
se7en ,,,,,,,
SEARCHING - Official Trailer (HD),,,,,,,
Searching for Sugar Man (Full movie),,,,,,,
Searching for Sugar Man Official Trailer #1 (2012) - Documentary HD,,,,,,,
Searching for Sugar Man Sixto Rodriguez Audio y Subtítulos en Castellano,,,,,,,
Season of the Witch - Official Trailer [iamROGUE],,,,,,,
Seaspiracy: La Pesca Insostenible (2021) - Tráiler Subtitulado en Español,,,,,,,
Seconds / Plan Diabólico (1966),,,,,,,
Secret Life of Walter Mitty - Space Oddity scene,,,,,,,
secretary ,,,,,,,
Secuestrados ,,,,,,,
Selma,,,,,,,
Senna - Trailer en español | Car and Driver Formula1 | Car and Driver Formula1,,,,,,,
Sen'ya Ichiya Monogatari,,,,,,,
Serendipity,,,,,,,
Serial Experiments Lain Trailer,,,,,,,
Seven Samurai ,,,,,,,
Seven Up!,,,,,,,
Shame ,,,,,,,
Shane ,,,,,,,
Shaun the sheep ,,,,,,,
Shisha no Teikoku,,,,,,,
Shoah - Tráiler | Filmin,,,,,,,
Shock Corridor 1963 Drama,,,,,,,
short peace,,,,,,,
Shutter Island (2010) Trailer #1 | Movieclips Classic Trailers,,,,,,,
Sicario - Trailer español (HD),,,,,,,
SIEMPRE ALICE Trailer en español,,,,,,,
Silenced (도가니) - Official Trailer w/ English Subtitles [HD],,,,,,,
Silent Night Official Trailer #1 (2012) - Santa Claus Horror Movie HD,,,,,,,
Simón del Desierto (1965) Luis Buñuel,,,,,,,
Simón del desierto 1965 Comedia ,,,,,,,
SIN LÍMITES ,,,,,,,
Sin novedad en el frente (EN ESPAÑOL) | Tráiler oficial | Netflix,,,,,,,
Sin reservas - Tráiler,,,,,,,
Sin Señas Particulares,,,,,,,
Sin Señas Particulares - Tráiler,,,,,,,
Sister Act  1992 Comedia,,,,,,,
SISU. Tráiler Oficial en español HD. Exclusivamente en cines.,,,,,,,
Skyggen i mit øje - Officiel Trailer,,,,,,,
"Sleeper (Woody Allen, 1973) - Instant Pudding - The Orb [sub. español]",,,,,,,
Sleuth ,,,,,,,
Smile (Sonríe) (2022) - Tráiler Subtitulado en Español,,,,,,,
Smile | Official Trailer (2022 Movie),,,,,,,
Smile | Official Trailer (2022 Movie),,,,,,,
Smile | Tráiler Oficial Película en Español | Solo en cines 30 septiembre | Paramount Pictures Spain,,,,,,,
Snowden | Official Trailer [HD] | Open Road Films,,,,,,,
Snowpiecer,,,,,,,
SOFT & QUIET - Official Trailer,,,,,,,
Solanin ,,,,,,,
Solaris (1972) trailer,,,,,,,
Solaris (2002) - Teaser tráiler español,,,,,,,
Solas (1999),,,,,,,
sólo con tu pareja,,,,,,,
SÓLO CON TU PAREJA ,,,,,,,
SÓLO CON TU PAREJA - Tráiler,,,,,,,
Some Like it Hot,,,,,,,
Song of the sea 2014 Aventura,,,,,,,
Sony Pictures Entertainment,,,,,,,
Sound of Metal – Official Trailer | Prime Video,,,,,,,
Soylent Green,,,,,,,
"Soylent Green (1973) Official Trailer - Charlton Heston, Edward G Robinson Movie HD",,,,,,,
Sozinho Contra Todos (1998) - Trailer legendado,,,,,,,
Speak No Evil Trailer #1 (2022),,,,,,,
Special,,,,,,,
SPENCER Tráiler Español Subtitulado (2021) Kristen Stewart,,,,,,,
Spotlight ,,,,,,,
Spree,,,,,,,
Stalingrado (Pelicula Completa),,,,,,,
Stalker (Сталкер) (1979) trailer,,,,,,,
STARDUST Trailer (2020) David Bowie Movie,,,,,,,
Steamboy,,,,,,,
Storm Chasers - Season Finale - Sean's Lucky Day,,,,,,,
STRANGE DARLING - trailer (greek subs),,,,,,,
Strange Darling (2024) - Tráiler Subtitulado en Español,,,,,,,
Strange days,,,,,,,
Strangers On A Train,,,,,,,
Stray - Official Trailer,,,,,,,
Stray Dog,,,,,,,
Street Figther ,,,,,,,
SUJO | Tráiler oficial | Cinépolis Distribución,,,,,,,
Sumas y Restas,,,,,,,
Summer wars ,,,,,,,
Sunset Blvd.,,,,,,,
Sunshine,,,,,,,
SUPER QUIÉN Tráiler Español (2022),,,,,,,
Superhero Movie (2008) Trailer #1,,,,,,,
Surrogates - Official Trailer [HQ],,,,,,,
SUSPIRIA - 40th Anniversary 4K Restoration Trailer (2017) | HD,,,,,,,
Sustos ocultos de Frankelda 2021 miniserie,,,,,,,
Swimming pool (2003) - Trailer,,,,,,,
Swiss Army Man | Official Trailer HD | A24,,,,,,,
Sympathy For Mr. Vengeance (2002) - Trailer,,,,,,,
Tacones lejanos ,,,,,,,
Tan Cerca de las Nubes | Tráiler oficial | ViX,,,,,,,
TÁR (2023) Tráiler Oficial #2 Subtitulado,,,,,,,
Taste of Cherry - 1997 Trailer,,,,,,,
Taxi Driver (1976) - [Official Trailer HD],,,,,,,
Te nombré en el silencio ,,,,,,,
Te nombré en el silencio - TRAILER,,,,,,,
TE PROMETO ANARQUÍA (2015) dir. Julio Hernández Cordón - Trailer oficial,,,,,,,
Teenage Cave Man (1958),,,,,,,
tekkon kinkreet ,,,,,,,
TEMPESTAD (2016) dir. Tatiana Huezo - Trailer oficial,,,,,,,
Tengo Miedo Torero,,,,,,,
Tenshi no Tamago,,,,,,,
Terrifier 2017 Official Trailer HD,,,,,,,
the act of killing ,,,,,,,
The Adventures of Baron Munchausen 1988 Trailer HD | Terry Gilliam,,,,,,,
The adventures of prince achmed 1926,,,,,,,
The age of Shadows,,,,,,,
The Alzheimer's Project - HBO documentary series trailer,,,,,,,
The animatrix 2003,,,,,,,
The assassination of jesse ,,,,,,,
The Babadook Official Trailer #1 (2014) - Essie Davis Horror Movie HD,,,,,,,
the banquet ,,,,,,,
THE BANSHEES OF INISHERIN | Official Trailer | Searchlight Pictures,,,,,,,
THE BATMAN – Main Trailer,,,,,,,
The Big Chill (1983) Trailer,,,,,,,
The Black Phone - Official Trailer,,,,,,,
the blind sid ,,,,,,,
The Borrowers Official Trailer #1 - John Goodman Movie (1997) HD,,,,,,,
The boy and the Beast,,,,,,,
The Boy in the Striped Pyjamas - Official Trailer 2008 HD,,,,,,,
The Boy Who Harnessed The Wind | Offical Trailer [HD] | Netflix,,,,,,,
THE BOYS FROM BRAZIL - (1978) HD Trailer,,,,,,,
The Bravest (2020) | Tráiler Oficial Subtitulado | Acción y Drama,,,,,,,
the breadwinner,,,,,,,
The bridges of madison County,,,,,,,
The Chaser Official Trailer 2008,,,,,,,
"The Color Purple (1985) Official Trailer - Oprah Winfrey, Steven Spielberg Movie HD",,,,,,,
The Congress (2013) ,,,,,,,
The Crow (1994) Official Trailer - Brandon Lee Movie HD,,,,,,,
The Crow: El Cuervo (1994) Trailer español HD,,,,,,,
The deep blue sea - Trailer en español HD,,,,,,,
The Defiant Ones I Official Trailer [HD] I Netflix,,,,,,,
The departed,,,,,,,
The Devil Rides Out ,,,,,,,
The Devil's Candy Trailer #1 (2017) Sean Byrne Horror Movie HD,,,,,,,
The Edge of Democracy | Official Trailer | Netflix,,,,,,,
THE ELEPHANT MAN - Official Trailer - Directed by David Lynch,,,,,,,
The Elephant Man (1980) Trailer,,,,,,,
The Empty Man | Official Trailer | 20th Century Studios,,,,,,,
THE END? (2017) Trailer (HD) ITALIAN ZOMBIE MOVIE,,,,,,,
The english patient,,,,,,,
THE EQUALIZER - Official Trailer (HD),,,,,,,
The Evil Dead (1981) Trailer #1 | Movieclips Classic Trailers,,,,,,,
The evil dead ,,,,,,,
THE EXORCIST - Trailer - (1973) - HQ,,,,,,,
The Face of Another(1966)-Trailer,,,,,,,
The fake (2013),,,,,,,
The Fall (2006) Trailer #1 | Movieclips Classic Trailers,,,,,,,
The Fallout | Official Trailer | HBO Max,,,,,,,
The father,,,,,,,
The Final Cut (2004) Official Trailer #1 - Robin Williams Movie HD,,,,,,,
The Florida Project | Official Trailer HD | A24,,,,,,,
The Fly,,,,,,,
The Forgotten Battle | Official trailer | Netflix,,,,,,,
The Fountain (2006) Official Trailer - Hugh Jackman Movie,,,,,,,
The Game (1997) Trailer #1 | Movieclips Classic Trailers,,,,,,,
The Game (1997) Trailer #1 | Movieclips Classic Trailers,,,,,,,
the game ,,,,,,,
"The Gangster, the Cop, the Devil Trailer #1 (2019) | Movieclips Indie",,,,,,,
The garden of words,,,,,,,
The Godfather (1972) Trailer #1 | Movieclips Classic Trailers,,,,,,,
The Golden Glove Trailer #1 (2019) | Movieclips Indie,,,,,,,
The Good Nurse | Official Trailer | Netflix,,,,,,,
"The Good, the Bad and the Ugly",,,,,,,
The Great Hack | Official Trailer | Netflix,,,,,,,
The Green Knight | Official Trailer HD | A24,,,,,,,
The green Mile,,,,,,,
The Handmaiden - Official Trailer,,,,,,,
The Handmaiden Official Trailer 1 (2016) - Park Chan-wook Movie,,,,,,,
The Handmaid's Tale (1990) - Official Trailer,,,,,,,
The hollywood Ten,,,,,,,
The Honeymook Killers 1969,,,,,,,
The host,,,,,,,
The House | Official Trailer | Netflix,,,,,,,
The House | Official Trailer | Netflix,,,,,,,
the house of the devil ,,,,,,,
The Hunt Official Trailer #1 (2013) - Mads Mikkelsen Movie HD,,,,,,,
The Hunt ,,,,,,,
the ilusionist ,,,,,,,
The Innocents - Official Trailer | HD | IFC Midnight,,,,,,,
The Innocents (1961,,,,,,,
The Invasion (2007) Official Trailer - Nicole Kidman Movie,,,,,,,
the iron giant ,,,,,,,
The Jacket (2005) Trailer #1 | Movieclips Classic Trailers,,,,,,,
The Jinx: The Life and Deaths of Robert Durst - Trailer - Official HBO UK,,,,,,,
The Keepers | Official Trailer [HD] | Netflix,,,,,,,
The Killing of a Sacred Deer | Official Trailer HD | A24,,,,,,,
The King of pigs ,,,,,,,
The Last Duel | Official Trailer | 20th Century Studios,,,,,,,
The Last Man On Earth Fox trailer,,,,,,,
The Lighthouse | Official Trailer HD | A24,,,,,,,
The Lobster: JOYA + Final Explicado,,,,,,,
the long goodbye,,,,,,,
the lord od the rings,,,,,,,
the lost highway ,,,,,,,
The Lovely Bones (2009) Trailer #1 | Movieclips Classic Trailers,,,,,,,
The Machinist  2004 Thriller,,,,,,,
The Man from Earth - Trailer V.O Subtitulado,,,,,,,
The Man From Nowhere,,,,,,,
The Man From Nowhere Trailer - Official US Trailer [HD] starring Won Bin,,,,,,,
The Man Who Shot Liberty Valance 1962 Western ,,,,,,,
THE MENU | Official Trailer | Searchlight Pictures,,,,,,,
The Mirror (1975) - Trailer,,,,,,,
The Mitchells vs the Machines,,,,,,,
The Naked Gun (1988) Trailer #1,,,,,,,
The Nightmare Before Christmas (1993) Official Trailer #1 - Animated Movie,,,,,,,
THE NORTHMAN - Official Trailer - Only In Theaters April 22,,,,,,,
The Omen (1976) Trailer #1 | Movieclips Classic Trailers,,,,,,,
The Onion Movie[armed gunman][english],,,,,,,
The Origin of O-Ren 2003 ,,,,,,,
The Outfit Trailer #1 (2022) | Movieclips Trailers,,,,,,,
The Ox Bow Incident 1943,,,,,,,
The Patience Stone,,,,,,,
"The Piano (1993) Official Trailer - Holly Hunter, Anna Paquin Movie HD",,,,,,,
THE PINK HOUSE OFFICIAL TRAILER # 1 (2016),,,,,,,
The Planets: First Look Trailer | BBC Earth,,,,,,,
The Prestige ,,,,,,,
The Prestige (2006) Trailer #1 | Movieclips Classic Trailers,,,,,,,
The Prestige (2006) Trailer #1 | Movieclips Classic Trailers,,,,,,,
The Principles of Pleasure - Tráiler Subtitulado,,,,,,,
the prophet ,,,,,,,
the purple rose of Cairo ,,,,,,,
The Pursuit of Happyness (2006) Official Trailer 1 - Will Smith Movie,,,,,,,
the rabbi's cat ,,,,,,,
The Reader (2008) Official HD Trailer [1080p],,,,,,,
the red turtle ,,,,,,,
The Rescue | Official Trailer | National Geographic Documentary Films,,,,,,,
The Return (2003) – Andrey Zvyagintsev – Original Trailer,,,,,,,
The Revenant | Official Trailer [HD] | 20th Century FOX,,,,,,,
The Road (2009) Official Trailer #1 - Viggo Mortensen Movie HD,,,,,,,
The Rosa Parks Story - Trailer,,,,,,,
"The Sandman (Paul Berry, 1991)",,,,,,,
"The Searchers (1956) - Welcome Home, Ethan Scene (1/10) | Movieclips",,,,,,,
The Secret Documentary Trailer,,,,,,,
The Seventh Seal,,,,,,,
The shape of voice ,,,,,,,
the shawshank redemption,,,,,,,
The sky  Crawlers,,,,,,,
The Sound of Music (1965) ,,,,,,,
the spine of night ,,,,,,,
The Sting,,,,,,,
THE SUBSTANCE | Official Trailer | In Theaters & On MUBI Now,,,,,,,
THE SUBSTANCE | Official Trailer | In Theaters September 20,,,,,,,
The Surgeon's Cut | Official Trailer | Netflix,,,,,,,
the swallows of kabul,,,,,,,
The Swimmers | Official Trailer | Netflix,,,,,,,
THE SWORD OF DOOM,,,,,,,
The Symbol Of the Unconquered (1920),,,,,,,
the tale of the princess kaguya ,,,,,,,
The Terminal (2004) Trailer #1 | Movieclips Classic Trailers,,,,,,,
The Texas Chainsaw Massacre,,,,,,,
The time Traveler's Wife ,,,,,,,
the tragedy of man (2011) subtitulada al español,,,,,,,
The triplets of belleville,,,,,,,
The truman Show,,,,,,,
The Usual Suspects (1995) - Original Trailer,,,,,,,
the voices ,,,,,,,
The War Game (1965 - extract) | BFI DVD,,,,,,,
The Westerner 1940 ,,,,,,,
The Whale | Official Trailer HD | A24,,,,,,,
The Whale | Official Trailer HD | A24,,,,,,,
THE WHITE CROW - Official Trailer - Directed by Ralph Fiennes,,,,,,,
The White Ribbon Official Trailer 1 HD Sony Pictures Classics,,,,,,,
The White Tiger | Official Trailer | Netflix,,,,,,,
The Wild Robot | Official Trailer,,,,,,,
The Witness (2018) - Trailer,,,,,,,
The Wizard of Oz,,,,,,,
The Wonder | Official Trailer | Netflix,,,,,,,
The Wrestler 2008 Drama,,,,,,,
The yellow sea ,,,,,,,
The Yes Men al ataque! documental en español,,,,,,,
The Zero Theorem Official Trailer #1 (2014) - Terry Gilliam Sci-Fi Fantasy HD,,,,,,,
The Zone of Interest | Filming Zone | Official Featurette Clip HD | A24,,,,,,,
Thelma and Louise - Original Trailer | MGM,,,,,,,
there will be blood,,,,,,,
Thirteen Lives - Official Trailer | Prime Video,,,,,,,
Thirteen Lives - Official Trailer | Prime Video,,,,,,,
THIS MUCH I KNOW TO BE TRUE (Official Trailer),,,,,,,
Threads (1984) ORIGINAL TRAILER [HD 1080p],,,,,,,
Three Colours: Red (1994) [Trailer],,,,,,,
THREE THOUSAND YEARS OF LONGING | Official Trailer | MGM Studios,,,,,,,
THREE THOUSAND YEARS OF LONGING | Official Trailer | MGM Studios,,,,,,,
"THX 1138 (1971) Official Trailer - George Lucas, Robert Duvall Movie",,,,,,,
"tick, tick...BOOM! | Tráiler oficial | Netflix",,,,,,,
Tideland [2005] Official Trailer,,,,,,,
Tiempo de revancha (1981) - Película Completa,,,,,,,
Tiempo suspendido ,,,,,,,
Time of Eve,,,,,,,
Titanic,,,,,,,
Tito e os passaros  2018,,,,,,,
Tlatelolco - Verano del 68 2013,,,,,,,
To Kill a Mockingbird ,,,,,,,
To sir with love ,,,,,,,
Todo el Poder Trailer Oficial,,,,,,,
Todo sobre mi madre,,,,,,,
"Todo tiene su orden (Días de Santiago, 2004)",,,,,,,
Tokyo Godfathers,,,,,,,
Top Gun (1986) Official Trailer - Tom Cruise Movie,,,,,,,
Top Gun: Maverick - Official Trailer (2022) - Paramount Pictures,,,,,,,
Tora! Tora! Tora!,,,,,,,
TOTAL RECALL - Official Trailer - In Theaters August 3rd,,,,,,,
TOTAL RECALL (1990) | 4K Restoration | Official Trailer | Dir. by Paul Verhoeven,,,,,,,
"Trailer ""Alucarda"" 1975",,,,,,,
"Tráiler ""El Pequeño Nicolás"" - 16 de diciembre en cines",,,,,,,
Tráiler | Mano de Obra,,,,,,,
Trailer de ¿Qué vemos cuando miramos al cielo? subtitulado en español (HD),,,,,,,
Trailer de Fruitvale Station (HD),,,,,,,
Trailer de La gran belleza (La Grande Bellezza) subtitulado en español (HD),,,,,,,
Trailer de La ruleta de la fortuna y la fantasía subtitulado en español (HD),,,,,,,
"Tráiler del documental Tierra de cárteles (Cartel Land, 2015)",,,,,,,
"Trailer documental ""Santiago Gapp. El sacerdote que se enfrentó a Hitler""",,,,,,,
Trailer Las edades de Lulú,,,,,,,
Tráiler Oficial - El Ultimo Turno (Subtitulado Español),,,,,,,
"Tráiler oficial ""Tenor"" - ESTRENO EN CINES el 9 de junio",,,,,,,
TRAILER OFICIAL: Obediencia Perfecta,,,,,,,
TRAILER SURPLUS,,,,,,,
"Trailer: Los motivos de Luz (1985), de Felipe Cazals",,,,,,,
Trailer: Tiempos Modernos,,,,,,,
Trance ,,,,,,,
Trascender ,,,,,,,
"Tres colores-Blanco. Krzysztof Kieslowski, 1994",,,,,,,
Triangle - Official UK Trailer (2009),,,,,,,
Trick 'r Treat (2007) Trailer #1 | Movieclips Classic Trailers,,,,,,,
Trois Couleurs : Bleu (1993) Trailer,,,,,,,
Tron: Uprising - Series Premiere Trailer,,,,,,,
Un asunto de familia - Trailer español (HD),,,,,,,
Un borghese piccolo piccolo 1977 Drama ,,,,,,,
Un Completo Desconocido | Tráiler Oficial | Subtitulado,,,,,,,
Un día menos,,,,,,,
Un filósofo en la arena - Trailer (HD),,,,,,,
Un hombre llamado Caballo - A man called horse - Clip 1,,,,,,,
UN MÉTODO PELIGROSO - Trailer HD,,,,,,,
Un Monstruo de Mil Cabezas ,,,,,,,
un monstruo viene a verme,,,,,,,
UN MONSTRUO VIENE A VERME - Tráiler HD,,,,,,,
Un mulato llamado Martin,,,,,,,
Un mundo maravilloso. Luis Estrada. 2006.,,,,,,,
Un plan brillante ,,,,,,,
Un polvo desafortunado o porno loco. Tráiler oficial,,,,,,,
UNA CUESTIÓN DE TIEMPO,,,,,,,
Una Mente Brillante ,,,,,,,
Una mujer fantástica ,,,,,,,
Una película de policías,,,,,,,
Una Sombra en mi Ojo | Netflix | Tráiler Oficial Subtitulado,,,,,,,
UNA VIDA OCULTA Trailer Oficial Subtitulado,,,,,,,
Under the shadow,,,,,,,
Under the skin,,,,,,,
Unforgiven,,,,,,,
UNTAMED | Official Trailer | Netflix,,,,,,,
Upstream Color Official Trailer #1 (2013) - Shane Carruth Movie HD,,,,,,,
Urotsukidoji: Legend of the Overfiend Trailer,,,,,,,
VAL | Official Trailer | Prime Video,,,,,,,
Vampire Hunter D ,,,,,,,
Vampiros en la Habana 1985,,,,,,,
VAQUERO DEL MEDIODIA (2019) dir. Diego Enrique Osorno - trailer,,,,,,,
VELENO - TRAILER UFFICIALE | AMAZON PRIME VIDEO,,,,,,,
Vertigo,,,,,,,
Videodrome (1983) - Trailer HD 1080p,,,,,,,
Videodrome 1983 Trailer,,,,,,,
Violent Night - Official Trailer,,,,,,,
"Violines en el Cielo, Trailer HD Subtitulado",,,,,,,
"Violines en el Cielo, Trailer HD Subtitulado",,,,,,,
Viridiana ,,,,,,,
Virus,,,,,,,
Vivarium - Trailer español (HD),,,,,,,
Viven - Escena del Choque - Español Latino [HD],,,,,,,
Vivir (Ikiru) 1952 Drama ,,,,,,,
"Vortex - Official Trailer (2022) Dario Argento, Françoise Lebrun",,,,,,,
Voy a Explotar (I'm Gonna Explode),,,,,,,
Vuelven,,,,,,,
W.E. ,,,,,,,
WAG THE DOG,,,,,,,
Wag the Dog - Original Theatrical Trailer,,,,,,,
Wag the Dog - Original Theatrical Trailer,,,,,,,
"Wajma, an Afghan Love Story (2013) | Trailer | Wajma Bahar | Mustafa Abdulsatar | Haji Gul Aser",,,,,,,
Waking Life 2001,,,,,,,
WALL•E 2008 ,,,,,,,
Wallace and gromit The wrong trousers  1994,,,,,,,
WALL-E (2008) Trailer #1 | Movieclips Classic Trailers,,,,,,,
Wal-Mart: The High Cost of Low Price (2005) Documentary Trailer,,,,,,,
Waltz With Bashir,,,,,,,
War horse,,,,,,,
Watchmen Chapter 1 | Redband Trailer 4K | Warner Bros. Entertainment,,,,,,,
watership down ,,,,,,,
Waves | Official Trailer HD | A24,,,,,,,
wbworld5,,,,,,,
We Need to Talk About Kevin (2011) - US Trailer - HD Movie,,,,,,,
"Webinar y proyección de la película ""Mujeres de la mina""",,,,,,,
WENDELL & WILD | Official Trailer | Netflix,,,,,,,
Westworld (1973) Trailer,,,,,,,
Whale Rider: 15th Anniversary Edition - Official Trailer (HD),,,,,,,
Whale Rider: 15th Anniversary Edition - Official Trailer (HD),,,,,,,
When Harry met Sally... (1989) - Trailer HD Remastered,,,,,,,
When the Levees Broke,,,,,,,
When The levees broke part 1 (2006) New Orleans,,,,,,,
When the Wind Blows 1986 ,,,,,,,
WHERE THE CRAWDADS SING - Official Trailer (HD),,,,,,,
Whisky - 2004 - Trailer,,,,,,,
White Light/Black Rain,,,,,,,
White Light/Black Rain,,,,,,,
Willy Wonka & the Chocolate Factory - Violet Blows Up Like a Blueberry Scene (7/10) | Movieclips,,,,,,,
Wings Of Desire (trailer),,,,,,,
Wiñaypacha ,,,,,,,
Within Our Gates 1919  Drama  ,,,,,,,
Wolf Children ,,,,,,,
Wolfwalkers  2020 ,,,,,,,
WON'T YOU BE MY NEIGHBOR? - Official Trailer [HD] - In Select Theaters June 8,,,,,,,
Workers,,,,,,,
Yesterday ,,,,,,,
Yo fui un cavernicola adolescente 1958,,,,,,,
Yo soy Sam,,,,,,,
Yo soy: Celine Dion – Tráiler Oficial | Prime Video,,,,,,,
Youth,,,,,,,
