Duracion_min;Tr_2.0;Tr_5.0;Tr_10.0;Tr_20.0;Tr_50.0;Tr_100.0;Tr_200.0;Tr_500.0
5;338,23610640862194;460,6314838395551;518,0016759759284;586,3530869797727;642,6380321765823;691,1219873830819;766,3837888897115;871,3405941869995
10;183,24620152496874;247,3428003864015;280,66092708853824;317,699510039424;350,14573333439955;378,58882871360794;417,5670751823648;474,6713804695657
15;128,03442232901168;171,92047746037898;196,10770096287496;221,9898218909623;245,46181456874302;266,235676066588;292,72505790767616;332,7230764752364
20;99,27730877070402;132,81432782891721;152,06621840709695;172,13685903690302;190,77930099629737;207,38668982223462;227,51298344783586;258,58191497104576
25;81,4999928248183;108,71935017133862;124,83944753313854;141,31721537634255;156,90368858427354;170,85712259014664;187,1144331809176;212,65478422573133
30;69,36521888615546;92,31521038112292;106,2540368382901;120,2791615061978;133,7415508644352;145,84090016507614;159,4923431772731;181,25417669991728
35;60,52631554606935;80,3924425789982;92,71625297335521;104,9547935934058;116,84699893847525;127,57009157395287;139,34471298235727;158,3514470442208
40;53,78547524986895;71,31659239359406;82,39171380396706;93,26768629707247;103,9474088175619;113,60408932710233;123,961300384445;140,8650479073496
45;48,46559249744797;64,1655023747784;74,24344777357737;84,04403782883325;93,75651516812849;102,55994817792462;111,8081577001931;127,0509446681277
50;44,15425741513759;58,37844235791581;67,63984887859667;76,56889864169602;85,49004937684217;93,59360445716354;101,9499991002624;115,84579057293686
55;40,585529069484544;53,59435875208992;62,17362286230546;70,3812288374303;78,64180458480514;86,15977400987313;93,78314410019861;106,56326769079307
60;37,58;49,57;57,57;65,17;72,87;79,89;86,9;98,74
65;35,012125324987316;46,13534733672051;53,63670115024782;60,71755933949667;67,93528420103952;74,52606441454134;81,01512706753405;92,0514898324213
70;32,79134665392466;43,1678957583335;50,235029581036635;56,866907058790964;63,66488767038009;69,88145715164492;75,92248829592924;86,26351218947386
75;30,850652261642214;40,57708438607087;47,26235103211699;53,50186460705586;59,93088205810081;65,81799215478571;71,46952229717424;81,20263707073201
80;29,13936108537958;38,29448549546225;44,64104240023635;50,53456508895775;56,63645764220011;62,231038659726764;67,54077837727361;76,73762383638383
85;27,618413657296934;36,26740805113191;42,31127973522133;47,89728958786225;53,70696278732791;59,03987201002105;64,04723057731148;72,76727233094478
90;26,257207795211237;34,45460330520102;40,22619201593086;45,53698144148464;51,08387943868469;56,18118271801823;60,91909310873604;69,2122548839265
95;25,03141748320939;32,8233071478737;38,34852068238183;43,41146496574645;48,72066833015028;53,60459778459489;58,10086553135512;66,00948335335944
100;23,921455454270212;31,347156939086922;36,6482650053776;41,48678010381876;46,579838934312015;51,26952076968409;55,547838506364315;63,10813670302036
105;22,91136782801769;30,004694853210623;35,10098915846355;39,73526609438078;44,63084185853026;49,14285784000407;53,22358036302227;60,46680365445175
110;21,988025222474185;28,778273400158408;33,686583349584915;38,134159116988734;42,8485258549417;47,19735230554396;51,098096999233;58,05139083337719
115;21,140521361527735;27,653242231815465;32,388342741245275;36,664549661507735;41,211990160979234;45,41034537936895;49,14646323582229;55,83356689160085
120;20,359719506080456;26,617335213292844;31,19227277024871;35,31059617322949;39,703718595146455;43,762840827064274;47,347790179535515;53,78958861809472
125;19,637905902396348;25,66020238815286;30,086558370717476;34,05892423043133;38,30891770903782;42,23878978343585;45,684435934297326;51,899403695619846
130;18,968521844823787;24,77304832041934;29,06115360039679;32,89816201413328;37,0150048936376;40,82453741946566;44,14139514110484;50,14595675277162
135;18,345954262929798;23,948349584804706;28,10746090155532;31,818577241094314;35,811208158447535;39,50839018144135;42,70582169379575;48,514646810994634
140;17,765370412468236;23,179631871132642;27,218077910599405;30,811790559667656;34,68825009546288;38,28027395281949;41,366651849757176;46,99289885987236
145;17,222586178443965;22,461292498339215;26,386595747668746;29,870547219303823;33,638096022364564;37,13146155329759;40,114303877762346;45,56982243843682
150;16,713960261486488;21,788457879405275;25,607436949054;28,988533614462927;32,65375156297168;36,05435366412382;38,940436662350294;44,23593723657203
155;16,23630848829318;21,15686814753772;24,875724221731176;28,16022871820747;31,72909867634774;35,04230131620979;37,83775416024147;42,98295081921102
160;15,786833908587665;20,562783079550115;24,18717337669638;27,380782885468285;30,858761856070327;34,089461000982666;36,79984583624465;41,80357725024495
165;15,363069379266909;20,00290485800033;23,53800538789408;26,645918305922027;30,03799820089482;33,19067560000556;35,82105556703683;40,691388077031974
170;14,962830102859694;19,47431425084232;22,924873697400045;25,951846715194623;29,262606519940572;32,34137590718236;34,896373244590045;39,64068911831462
175;14,58417415897618;18,974417560480276;22,344803762901833;25,29520096400646;28,52885172599273;31,53749869457656;34,021344611457586;38,646417976704804
180;14,225369497694787;18,500902275883863;21,795142502506796;24,67297779082569;27,833401591627894;30,77541815952993;33,19199583935583;37,704058310078224
185;13,884866190615732;18,05169980309483;21,2735157924036;24,082489710140702;27,173273566659734;30,051888264508424;32,4047701063784;36,809567741879015
190;13,561272985570561;17,6249539875696;20,77779255619904;23,521324362341147;26,545789833233847;29,363993997321675;31,656473998020818;35,9593169381221
195;13,25333740413895;17,218994402675502;20,30605428059791;22,987310006084726;25,948539143802755;28,70910997798939;30,944231997128586;35,15003787898709
200;12,959928771318253;16,832313581427787;19,856569022131296;22,47848609442253;25,379344274120633;28,084865148623738;30,265447670035226;34,378779741846756
205;12,68002368429206;16,463547527264865;19,427769149756497;21,99307807984351;24,836234148095173;27,489112525605737;29,617770424120863;33,64287111718319
210;12,412693519932835;16,111458964705864;19,0182322101153;21,529475754096943;24,31741986847219;26,91990318486852;28,999066923268416;32,93988751897981
215;12,157093654185294;15,774922889875603;18,626664414828383;21,086214556101663;23,821274027846982;26,37546380306989;28,407396415269798;32,267623341667566
220;11,912454125124981;15,452914059951688;18,251886339030243;20,661959382931826;23,346312786626353;25,854177198728195;27,84098935895555;31,62406756770907
225;11,678071518540548;15,144496124006258;17,892820492417737;20,25549052044886;22,891180294546547;25,354565414747658;27,298228846128378;31,00738265188373
230;11,453301892842122;14,848812148852502;17,54848048221691;19,865691375952398;22,454635104946668;24,875274962314894;26,777634399953623;30,415886106745834
235;11,23755459086882;14,56507633495224;17,217961534602058;19,49153774857224;22,03553828986283;24,415063909859704;26,2778478016601;29,848034393525527
240;11,030286811236644;14,29256675119627;16,900432179496253;19,13208841658569;21,63284301197445;23,972790552697006;25,79762065460667;29,30240878776448
245;10,830998832385367;14,030618944988717;16,595126935107974;18,786476856417437;21,245585348699752;23,547403441479776;25,335803441596262;28,777702942205924
250;10,639229799350494;13,778620306766234;16,30133985439342;18,453903937323645;20,872876196023878;23,137932582555162;24,891335869822118;28,272711913224796
255;10,454553997212052;13,536005086818543;16,018418816963298;18,133631459905963;20,51389410630318;22,743481652190823;24,463238329624698;27,786322453223452
260;10,276577546715597;13,302249977803163;15,7457604676337;17,824976426615592;20,167878936392974;22,363221090582112;24,05060431959724;27,317504401380944
265;10,104935467167317;13,076870189264982;15,482805717534735;17,527305949063322;19,834126200843688;21,99638196148318;23,652593712518417;26,865303030082853
270;9,939289059729422;12,859415951258205;15,229035735980792;17,240032710863773;19,51198204028014;21,642250479959532;23,268426754919414;26,428832225193048
275;9,779323570968497;12,649469393208811;14,983968371609311;16,96261091640488;19,200838727965348;21,300163124725646;22,897378708461037;26,007268395796906
280;9,624746102168018;12,446641751758401;14,747154949961747;16,694532665744198;18,900130648391933;20,969502263282692;22,538775054225514;25,599845023741818
285;9,475283734691613;12,25057086774524;14,518177401994812;16,435324704113388;18,609330690895835;20,64969222799248;22,191987191941443;25,205847775705923
290;9,33068184572691;12,060918937908307;14,296645684203027;16,184545501522486;18,327947009036336;20,340195789625977;21,856428575401836;24,824610111030367
295;9,19070259217365;11,877370491510648;14,082195456293105;15,941782623909356;18,055520103069046;20,040510982062674;21,53155123318523;24,455509327473116
300;9,055123543364557;11,699630566004476;13,874485986830605;15,706650362350612;17,79162018844588;19,750168237898766;21,216842630477032;24,097962994643176
305;8,923736445805861;11,527423059213442;13,673198261106123;15,478787591182464;17,535844818066888;19,468727799918547;20,911822833501354;23,751425731368055
310;8,796346105264565;11,360489238379051;13,47803326874625;15,257855829590362;17,28781673011314;19,19577737783595;20,61604194296847;23,415386288810595
315;8,67276937336744;11,198586388883706;13,288710451409749;15,043537484413166;17,047181896814998;18,930930023538103;20,32907776714679;23,089364905929717
320;8,552834227459412;11,041486587585466;13,104966293333524;14,835534254651588;16,81360775254639;18,673822201357115;20,050533708789015;22,772910907994923
325;8,436378933835101;10,888975587531336;12,92655303958545;14,633565680539355;16,58678158225639;18,424112032740915;19,780036843267776;22,465600522417063
330;8,32325128563938;10,74085180240062;12,753237528691608;14,437367822084946;16,366409053517817;18,181477697155707;19,517236167980926;22,16703488923227
335;8,213307907757867;10,596925380403864;12,58480012787581;14,246692053769353;16,152212877439798;17,94561597318833;19,26180100543276;21,876838246242627
340;8,106413621909537;10,457017358557108;12,421033760514197;14,061303963630344;15,94393158540165;17,71624090567372;19,01341954443736;21,59465627113558
345;8,002440865929797;10,320958889291154;12,261743016596705;13,88098234630974;15,741318410055614;17,493082586290612;18,771797505667063;21,32015456492376
350;7,9012691619101085;10,18859053226334;12,106743338025252;13,70551828081506;15,544140260346829;17,27588603648143;18,536656919320656;21,05301726281033
355;7,802784628453032;10,059761605033223;11,955860271486419;13,534714284774982;15,352176781437397;17,06441018278847;18,30773500404336;20,79294576012789
360;7,706879532821142;9,934329586959313;11,808928782432398;13,368383537868741;15,1652194914189;16,85842691578235;18,084783137420438;20,53965754235126
365;7,6134518792145975;9,812159571284852;11,665792624402773;13,206349167900946;14,983070987574273;16,65772022471044;17,867565909411386;20,29288510937226
370;7,522405029813629;9,693123760918043;11,52630375853477;13,048443593689319;14,805544215721005;16,46208540083118;17,655860251011383;20,052374985270024
375;7,43364735557609;9,577101003885774;11,39032181865166;12,894507919546527;14,632461796847473;16,2713283031383;17,449454631237227;19,817886805731618
380;7,34709191409268;9,463976364857826;11,257713617797526;12,74439137667904;14,463655405854485;16,085264680831884;17,248148316250994;19,589192476091483
385;7,2626561520788995;9,353640729508543;11,128352692510154;12,597950807305262;14,298965197745346;15,903719547469949;17,051750685068107;19,366075393678145
390;7,180261630327661;9,24599043881031;11,002118881498808;12,45505018771974;14,138239277078181;15,726526602245993;16,86008059685746;19,148329728794433
395;7,099833769163798;9,14092695064393;10,878897935726567;12,315560186907163;13,981333206912051;15,553527694291784;16,67296580533963;18,935759759223494
400;7,021301612634955;9,038356526369279;10,75858115719281;12,179357757644754;13,828109553849691;15,384572326308495;16,49024241623176;18,72817925365633
405;6,9445976098452675;8,938189940229487;10,641065063974922;12,046325757329933;13,67843746611022;15,21951719418856;16,31175438408217;18,525410899884466
410;6,869657411991572;8,840342209666884;10,52625107932304;11,916352596035901;13,53219228185999;15,058225759611249;16,137353045189037;18,32728577400106
415;6,796419683798838;8,744732344811897;10,414045242811463;11,789331909535266;13,389255165293035;14,900567852881125;15,966896683611603;18,133642847210357
420;6,724825928173898;8,65128311556966;10,304357941737823;11,66516225524402;13,249512768187772;14,74641930353463;15,800250127562963;17,94432852716464
425;6,65482032300614;8,559920834875525;10,197103661129029;11,543746829228306;13,112856914877655;14,595661596469226;15,637284373724903;17,759196231033318
430;6,586349569142184;8,470575156821972;10,092200750863507;11,424993202586764;12,979184308762282;14,448181551555177;15,477876237250676;17,57810598776513
435;6,519362748649723;8,383178888477245;9,989571208554459;11,308813075674285;12,848396258655328;14,303871024874727;15,321908025423975;17,400924067234484
440;6,453811192565079;8,297667814321972;9,889140476960353;11,195122048770536;12,72039842341817;14,162626629899318;15,169267233124376;17,22752263416956
445;6,389648357390419;8,213980532325344;9,790837254798204;11,083839407920406;12,595100573465476;14,024349477065101;15,019846258413324;17,057779424946315
450;6,326829709670906;8,132058300768383;9,694593319933817;10,974887924785143;12,472416367852858;13,888944930341605;14,873542136702305;16,891577445500026
455;6,265312618040145;8,051844894999228;9,600343364012062;10,868193669443539;12,35226314576833;13,756322379510047;14,73025629209821;16,728804688757577
460;6,20505625217472;7,973286473375473;9,508024837670584;10,76368583517359;12,234561731350341;13,626395026977644;14,589894304641158;16,569353870130453
465;6,146021488146055;7,8963314517118315;9,417577805553082;10,661296574327215;12,11923625084638;13,499079688053603;14,452365692258962;16,4131221797322
470;6,088170819700796;7,820930385608684;9,328944810403987;10,56096084448509;12,006213961208845;13,374296603702488;14,317583706361003;16,260011050096015
475;6,031468275039823;7,747035860089092;9,242070745586076;10,462616264146265;11,895425089299813;13,251969264872256;14,185465140083645;16,109925938269907
480;5,9758793387013505;7,6746023860188615;9,156902735416642;10,36620297726836;11,786802680944339;13,132024247568275;14,055930148280419;15,96277612125881
485;5,921370878185639;7,60358630282712;9,073390022766997;10,27166352602983;11,680282459133688;13,014391057911869;13,928902078423887;15,818474503866907
490;5,8679110749880525;7,533945687083756;8,99148386341479;10,178942731236427;11,575802690736124;12,899001986483228;13,80430731165309;15,676937438069583
495;5,8154693597336955;7,465640266525454;8,911137426679247;10,087987579839952;11,473304061123942;12,785791971304016;13,682075113261455;15,538084553113586
500;5,764016351131152;7,398631339154341;8,832305701906652;9,998747119079407;11,372729556172128;12,674698468866012;13,56213749197565;15,401838595607325
505;5,71352379848482;7,332881697062678;8,754945410406972;9,911172356792912;11,274024351126435;12,565661332658143;13,4444290674265;15,268125278920643
510;5,663964527525537;7,268355554663834;8,679014922473577;9,82521616748365;11,177135705877518;12,45862269868674;13,32888694525939;15,136873141266134
515;5,615312389337596;7,205018481034379;8,604474179146129;9,740833203755095;11,082012866213239;12,353526877522386;13,21545059937386;15,008013411882077
520;5,567542212177062;7,142837336094495;8,531284618402454;9,657979812759837;10,988606970653604;12,250320252442005;13,104061760820722;14,881479884780969
525;5,520629755991704;7,081780210374425;8,459409105488891;9,576613957333189;10,89687096250257;12,148951183267277;12,994664312920497;14,757208799567888
530;5,474551669467022;7,021816368133594;8,388811867120198;9,496695141507102;10,806759506778084;12,049369915530058;12,887204192199343;14,635138728869862
535;5,429285449435713;6,962916193616089;8,319458429299882;9,41818434012246;10,718228911706712;11,951528494622595;12,781629294768429;14,515210471951045
540;5,384809402499873;6,905051140242177;8,251315558530107;9,341043932278312;10,631237054492031;11,855380684615403;12,67788938779994;14,397366954119699
545;5,341102608726094;6,848193682549964;8,184351206196952;9,265237638375671;10,545743311087081;11,760881891448452;12,575936025778095;14,281553131561354
550;5,298144887283654;6,792317270714685;8,118534455932204;9,19073046053072;10,461708489720404;11,667989090222463;12,475722471226433;14,167715901258779
555;5,2559167639052315;6,737396287485363;8,053835473766984;9,117488626148377;10,379094767943013;11,576660756336425;12,377203619633995;14,055804015683425
560;5,214399440058065;6,683406007389949;7,99022546090551;9,045479534461897;10,297865632980049;11,48685680023538;12,280335928322428;13,945768001965279
565;5,17357476372128;6,630322558070375;7,92767660895931;8,974671705857668;10,217985825185888;11,39853850554886;12,185077349014097;13,837560085268427
570;5,133425201672372;6,578122883618616;7,86616205749319;8,905034733816944;10,139421284415405;11,311668470415587;12,091387263877825;13,731134116118485
575;5,093933813192421;6,526784709793707;7,805655853744559;8,83653923931782;10,062139099136969;11,22621055180405;11,999226424844261;13,626445501445534
580;5,055084225105827;6,476286511007812;7,746132914387005;8,769156827551305;9,986107458124534;11,142129812651453;11,908556895996897;13,52345113912212
585;5,016860608075987;6,426607478977017;7,687568989217814;8,702860046815307;9,91129560457717;11,059392471655482;11,819341998857924;13,422109355790841
590;4,979247654083612;6,3777274929395125;7,629940626657141;8,637622349459415;9,837673792524537;10,977965855564431;11,731546260400156;13,322379847789724
595;4,9422305550192265;6,3296270913502655;7,573225140953945;8,573418054761747;9,765213245386123;10,89781835382136;11,64513536362739;13,22422362499626
600;4,905794982325912;6,282287444967284;7,517400581000758;8,510222313626993;9,693886116560746;10,818919375427516;11,560076100575959;13,127602957422791
605;4,8699270676325;6,235690331250136;7,462445700665697;8,448011075002;9,623665451930972;10,74123930789896;11,476336327599858;13,032481324406831
610;4,834613384321306;6,189818109996487;7,408339930556064;8,386761053911918;9,55452515417435;10,664749478198482;11,39388492281061;12,938823366249922
615;4,799840929978067;6,144653700147201;7,355063351133371;8,32644970102615;9,486439948780502;10,589422115532463;11,312691745551392;12,846594838168135
620;4,765597109675089;6,100180557694999;7,30259666710474;8,267055173669185;9,419385351679386;10,515230315909324;11,232727597792575;12,755762566425942
625;4,731869720041698;6,056382654635754;7,250921183020335;8,208556308196659;9,353337638392055;10,442148008362722;11,153964187342881;12,666294406533265
630;4,698646934078933;6,01324445890531;7,200018780010904;8,150932593662022;9,288273814620798;10,370149922748658;11,07637409277706;12,57815920339308
635;4,66591728667816;5,970750915248298;7,1498718936036205;8,094164146703848;9,224171588200702;10,29921155903142;10,99993072998712;12,491326753293915
640;4,633669660805694;5,928887426968716;7,100463492558182;8,038231687588084;9,161009342339435;10,229309157978351;10,924608320269808;12,405767767648053
645;4,601893274317891;5,887639838515069;7,051777058668699;7,983116517343588;9,09876611007658;10,160419673188402;10,850381859868433;12,32145383838237
650;4,570577667373303;5,846994418855839;7,003796567480231;7,928800495933027;9,037421549897978;10,092520744384032;10,777227090892113;12,238357404894346
655;4,53971269041051;5,806937845603597;6,95650646987185;7,8752660214047205;8,976955922444402;10,025590671900098;10,705120473540031;12,156451722491033
660;4,5092884926620895;5,767457189848657;6,909891674461025;7,822496009974211;8,91735006825756;9,959608392307478;10,634039159562745;12,07571083223371
665;4,479295511177007;5,728539901665455;6,86393753078684;7,770473876987471;8,85858538650978;9,894553455112776;10,563960966896571;11,996109532115529
670;4,449724460325246;5,690173796257019;6,818629813231946;7,71918351872038;8,80064381466681;9,830406000478945;10,494864355410776;11,917623349503662
675;4,420566321760111;5,652347040704897;6,773954705645621;7,668609294971842;8,743507809036268;9,767146737914814;10,42672840371089;11,84022851478157
680;4,391812334815007;5,61504814129386;6,729898786632394;7,6187360124103485;8,687160326156913;9,70475692588464;10,359532786944762;11,763901936130667
685;4,363453987312862;5,5782659313824;6,686449015472806;7,569548908636102;8,63158480498648;9,64321835229146;10,293257755560916;11,688621175394148
690;4,335483006767597;5,5419895597917535;6,643592718644724;7,521033636922985;8,576765149848308;9,582513315790786;10,227884114971832;11,614364424969043
695;4,307891351958215;5,506208479687708;6,601317576915493;7,473176251606718;8,522685714099246;9,52262460789358;10,163393206077304;11,541110485675627
700;4,280671204857191;5,470912437930906;6,559611612976812;7,42596319408739;8,469331284483285;9,463535495819741;10,099766886605634;11,468838745556148
705;4,253814962895831;5,436091464872706;6,51846317959584;7,379381279416349;8,41668706613758;9,405229706065592;10,036987513232772;11,397529159557493
710;4,227315231550292;5,401735864574987;6,477860948257499;7,333417683439159;8,364738668219179;9,34769140865073;9,97503792444169;11,327162230055054
715;4,20116481723279;5,3678362054334015;6,437793898274302;7,288059930467777;8,313472090122637;9,290905202011684;9,913901424086406;11,257718988177244
720;4,175356720473413;5,334383311184771;6,398251306341365;7,243295881456684;8,262873708260273;9,234856098511441;9,853561765626981;11,189180975892452
725;4,149884129378737;5,301368252280342;6,359222736515442;7,199113722659036;8,212930263378377;9,179529510535701;9,79400313700366;11,121530228822268
730;4,1247404133541865;5,268782337607599;6,320698030598;7,155501954740152;8,163628848384135;9,124911237148234;9,735210146120044;11,054749259746746
735;4,099919117077771;5,2366171065443;6,282667298903371;7,112449382326963;8,114956896659338;9,070987451279187;9,677167806906793;10,988821042769311
740;4,075413954713525;5,20486432132922;6,245120911394121;7,069945103973101;8,066902170838274;9,017744687421626;9,619861525938875;10,923728998110672
745;4,051218804353552;5,17351595973495;6,208049489166591;7,027978502520436;8,01945275202838;8,965169829812858;9,563277089580819;10,859456977502687
750;4,027327702678178;5,142564208028869;6,171443896270593;6,986539235838838;7,972597029453315;8,913250101078324;9,507400651635725;10,79598925015466
755;4,003734839824278;5,112001454209094;6,135295231847989;6,945617227926944;7,9263236904992445;8,861973051317031;9,452218721475115;10,733310489266003
760;3,9804345544523345;5,081820281502954;6,099594822575714;6,905202660357555;7,880621711146085;8,81132654760852;9,397718152627858;10,671405759060535
765;3,9574213290032847;5,0520134621161334;6,064334215399539;6,865285964052139;7,835480346766365;8,761298763922508;9,343886131807515;10,61026050231895
770;3,9346897851366696;5,022573951221261;6,029505170545568;6,825857811369749;7,7908891232753374;8,71187817141317;9,290710168358524;10,54986052838722
775;3,9122346793420277;4,993494881175285;5,99509965479715;6,786909108496385;7,746837828616711;8,663053529081047;9,238178084102657;10,490192001639812
780;3,89005089871589;4,96476955595551;5,961109835025439;6,7484309881214966;7,7033165045692185;8,614813874786375;9,186278003568066;10,431241430377614
785;3,86813345689711;4,9363914458046985;5,927528071962555;6,71041480238909;7,660315438859961;8,56714851659846;9,134998344584199;10,372995656141624
790;3,846477490153617;4,9083541820761;5,894346914206682;6,672852116111426;7,617825157571191;8,520047024466484;9,084327809226595;10,315441843424185
795;3,8250782536140546;4,880651552269727;5,8615590924491325;6,635734700233947;7,575836417827793;8,473499222197848;9,034255375096492;10,258567469760635
800;3,8039311176380544;4,853277495251649;5,829157513913778;6,599054525540644;7,534340200753456;8,427495179730837;8,984770286920806;10,202360316185032
805;3,7830315643192094;4,826226096648437;5,79713525699978;6,562803756589534;7,4933277046840026;8,382025205689082;8,935862048458798;10,146808458034316
810;3,7623751841151254;4,799491584409323;5,765485566118983;6,5269747458685;7,452790338626982;8,337079840205806;8,88752041470243;10,09190025608622
815;3,741957672599162;4,773068324528967;5,734201846719735;6,491560028162185;7,412719715957147;8,292649848006546;8,839735384357994;10,037624348016735
820;3,721774827328765;4,746950816924055;5,703277660489305;6,456552315121047;7,3731076483378875;8,24872621173947;8,792497192597226;9,983969640163831
825;3,7018225448255166;4,721133691457336;5,672706720727456;6,421944490024166;7,333946139859218;8,205300125543014;8,745796304066669;9,930925299584578
830;3,6820968176622775;4,695611704102937;5,642482887884073;6,387729602727762;7,295227381383364;8,162362988841002;8,699623406144575;9,878480746393567
835;3,6625937316529944;4,670379733247128;5,612600165254061;6,353900864791753;7,256943745089364;8,119906400355873;8,653969402435177;9,826625646371019
840;3,643309463140972;4,6454327761189855;5,58305269482308;6,320451644777053;7,219087779208552;8,077922152331132;8,608825406490569;9,775349903829527
845;3,624240276381594;4,6207659453456325;5,553834753257992;6,28737546370669;7,181652202943161;8,036402224954482;8,564182735750975;9,724643654728952
850;3,605382521015667;4,5963744656270205;5,524940748036103;6,254665990684043;7,144629901560624;7,995338780973558;8,520032905694547;9,674497260029373
855;3,5867326296297395;4,5722536705254075;5,496365213707675;6,222317038661935;7,108013921656512;7,95472416049648;8,476367624188244;9,624901299272551
860;3,5682871153999134;4,5483989993649585;5,468102808286319;6,190322560356501;7,071797466579361;7,914550875969906;8,433178786031803;9,575846564382763
865;3,550042569815819;4,524805994237048;5,440148309762211;6,158676644300083;7,035973892010962;7,874811607327468;8,39045846768708;9,527324053678276
870;3,5319956604815883;4,501470297107092;5,41249661273326;6,127373511027652;7,000536701695947;7,835499197301909;8,34819892218545;9,479324966085137
875;3,5141431289907983;4,478387647018905;5,385142725149578;6,096407509391492;6,9654795433148236;7,796606646894477;8,306392574206251;9,431840695545322
880;3,496481788872476;4,455553877392754;5,358081765166836;6,065773112999141;6,930796204494848;7,758127110995439;8,265032015319633;9,384862825611666
885;3,479008523605415;4,43296491341346;5,3313089581042545;6,035464916769778;6,896480608953361;7,720053894149838;8,224109999387355;9,338383124222286
890;3,4617202846981554;4,410616769505048;5,3048196335031905;6,00547763360449;6,862526812768505;7,682380446462913;8,183619438115485;9,292393538647584
895;3,4446140898321014;4,3885055468886405;5,278609222282438;5,975806091166028;6,82892900077238;7,645100359639792;8,143553396753134;9,246886190603195
900;3,427687021065357;4,366627431220348;5,2526732539865675;5,946445228763861;6,795681483062007;7,608207363154349;8,103905089931658;9,201853371522521
905;3,4109362230949754;4,344978690306175;5,227007354123729;5,917390094340531;6,762778691623588;7,571695320542323;8,064667877638977;9,157287537982809
910;3,3943589015754116;4,323555671890965;5,201607241589567;5,8886358415554705;6,730215177065792;7,535558225813998;8,025835261323923;9,113181307278957
915;3,3779523214910583;4,302354801518622;5,176468726173981;5,860177726962608;6,697985605457975;7,499790199981955;7,987400880125698;9,069527453139493
920;3,361713805580845;4,281372580460934;5,151587706147656;5,832011107278274;6,666084755269407;7,464385487699623;7,949358507223817;9,026318901579428
925;3,345640732812961;4,260605583712432;5,126960165925366;5,804131436736018;6,634507514405737;7,429338454006472;7,9117020463039935;8,98354872688487
930;3,329730536907847;4,240050458048842;5,102582173803231;5,7765342645251385;6,603248877339129;7,394643581175946;7,8744255281357285;8,941210147724538
935;3,313980704907679;4,219703920146778;5,078449879767195;5,749215232309831;6,572303942328596;7,3602954656623485;7,837523107257476;8,899296523383533
940;3,298388775790637;4,199562754762437;5,054559513370111;5,72217007182602;6,5416679087272485;7,326288815143051;7,8009890587654445;8,857801350114837
945;3,2829523391283324;4,1796238129671295;5,03090738167495;5,695394602553011;6,511336074373278;7,292618445652583;7,764817775202271;8,816718257604293
950;3,2676690337848253;4,159884010437599;5,007489867261712;5,668884729457293;6,48130383306168;7,2592792788052645;7,729003763541954;8,776041005544986
955;3,2525365466557363;4,140340325799135;4,984303426295769;5,642636440805853;6,45156667209375;7,226266339103195;7,693541642267561;8,735763480316999
960;3,2375526114460103;4,12098979901959;4,961344586655418;5,61664580604653;6,422120169901629;7,193574751326559;7,658426138538421;8,695879691768859
965;3,222715007484958;4,101829529852484;4,938609946116545;5,590908973753014;6,3929599937451815;7,161199738003306;7,623652085443573;8,65638377009699
970;3,2080215585772467;4,082856676327444;4,916096170592346;5,565422169632191;6,364081897478648;7,129136616955385;7,589214419338439;8,617269962819737
975;3,1934701318885765;4,064068453286309;4,893799992426216;5,54018169459163;6,335481719384647;7,097380798918871;7,555108177261785;8,578532631842586
980;3,179058636864817;4,045462130963289;4,8717182087358655;5,51518392286511;6,307155380073092;7,065927785235341;7,521328494430132;8,54016625061141
985;3,1647850241834377;4,027035033607637;4,8498476798069285;5,490425300194145;6,279098880442833;7,034773165612067;7,487870601806938;8,502165401350661
990;3,150647284736119;4,008784538147365;4,828185327534327;5,465902342063576;6,2513082997038;7,003912615948606;7,454729823743936;8,464524772383552
995;3,13664344864144;3,990708072892546;4,806728133909727;5,441611631989335;6,223779793457555;6,973341896227496;7,421901575692146;8,427239155531389
1000;3,122771584286632;3,9728031162768778;4,785473139553506;5,417549819856602;6,196509591834266;6,943056848466875;7,38938136198015;8,390303443589342
1005;3,1090297973973966;3,955067195636177;4,7644174422897185;5,393713620306643;6,169493997684168;6,913053394732887;7,357164773657353;8,353712627876053
1010;3,095416230134814;3,9374978860225336;4,743558195762573;5,370099811170626;6,142729384821635;6,8833275352098475;7,32524748639998;8,317461795854507
1015;3,0819290602184504;3,9200928090529246;4,722892608093033;5,3467052319488575;6,116212196320098;6,853875346326218;7,29362525847772;8,281546128821846
1020;3,0685665000747595;3,902849631791129;4,7024179405741675;5,323526782333907;6,089938942856108;6,824692978934507;7,26229392877896;8,245960899665713
1025;3,0553267960099317;3,8857660656618007;4,682131506403969;5,300561420776114;6,063906201100851;6,795776656543292;7,231249414892628;8,210701470684933
1030;3,0422082274063844;3,8688398653956444;4,662030669454367;5,277806163090093;6,038110612157579;6,767122673599607;7,200487711244768;8,175763291472403
1035;3,0292091059420962;3,85206882800465;4,642112843075261;5,25525808110087;6,012548880043411;6,738727393820064;7,170004887288048;8,141141896858072
1040;3,01632777483203;3,835450791786379;4,62237548893237;5,232914301328298;5,987217770214017;6,710587248569049;7,139797085742397;8,106832904910066
1045;3,0035626080909195;3,8189836353563638;4,60281611587783;5,210772003708559;5,962114108129814;6,6826987352824885;7,1098605208851495;8,072832014992034
1050;2,9909120098167246;3,802665276707678;4,5834322788524435;5,188828420351472;5,937234777862284;6,655058415935663;7,080191476889042;8,039135005874863
1055;2,9783744134940666;3,7864936722967975;4,5642215778185395;5,167080834332476;5,912576720739115;6,627662915553654;7,050786306206487;8,005737733901004
1060;2,9659482813170053;3,7704668161548995;4,54518165672247;5,14552657851815;5,888136934026907;6,600508920763035;7,021641427998677;7,972636131199671
1065;2,953632103530535;3,7545827390237694;4,526310202485775;5,124163034424187;5,8639124696502325;6,573593178383475;6,992753326608012;7,939826203951346
1070;2,9414243977901835;3,738839507515523;4,50760494402409;5,1029876311047735;5,8399004329458775;6,546912494057977;6,964118550072499;7,907304030699891
1075;2,9293237085391457;3,7232352232953856;4,489063651292907;5,081997844072378;5,816097981451129;6,52046373092051;6,935733708680743;7,875065760710851
1080;2,917328606402398;3,7077680222867864;4,470684134359357;5,061191194246971;5,792502323725061;6,494243808299864;6,907595473566301;7,843107612374417
1085;2,9054376875972308;3,6924360738980564;4,452464242499142;5,040565246933749;5,769110718201717;6,468249700458545;6,879700575340061;7,811425871651641
1090;2,8936495733597094;3,677237580270057;4,434401863317863;5,020117610828446;5,745920472074234;6,4424784353656435;6,852045802759528;7,780016890562564
1095;2,8819629093865453;3,66217077554407;4,416494921895973;4,999845937049399;5,722928940208913;6,4169270935026;6,824628001433817;7,748877085714906
1100;2,870376365291896;3,647233925149306;4,398741379956576;4,979747918195486;5,7001335240882876;6,391592806700816;6,7974440725632395;7,718002936872075
1105;2,8588886340786366;3,63242532510945;4,381139235055418;4,959821287429165;5,677531670782322;6,366472757010152;6,770490971712411;7,687390985559264
1110;2,8474984316236465;3,6177433013676135;4,363686519792341;4,940063817583832;5,655120871946839;6,341564175597353;6,7437657076158555;7,657037833706452
1115;2,8362044961766806;3,60318620912915;4,346381301043541;4,920473320294713;5,632898662848342;6,316864341673444;6,717265341015076;7,626940142327167
1120;2,8250055878724107;3,588752432221775;4,329221679214017;4,901047645152617;5,61086262141443;6,292370581449266;6,690986983526143;7,5970946302319335
1125;2,813900488255232;3,574440382472462;4,31220578750956;4,8817846788798125;5,589010367309027;6,268080267118235;6,664927796536873;7,567498072775319
1130;2,802887999816438;3,5602484991005947;4,295331791227707;4,8626823445273715;5,567339561031642;6,243990815865539;6,639084990132685;7,538147300635571
1135;2,7919669455434066;3,5461752481268958;4,27859788706708;4,843738600693317;5,5458479030399745;6,220099688902944;6,613455822050255;7,509039198625857
1140;2,7811361684804154;3,5322191217976444;4,262002302454549;4,824951440760969;5,524533132895122;6,196404390528464;6,588037596658174;7,480170704536145
1145;2,770394531300746;3,518378638023721;4,245543294889696;4,806318892156843;5,503393028428735;6,172902467210116;6,562827663963743;7,451538808004815
1150;2,759740915889743;3,5046523398340397;4,229219151306043;4,7878390156275605;5,482425404931448;6,149591506693079;6,537823418645158;7,423140549419108
1155;2,7491742229384935;3,4910387948429413;4,213028187448567;4,769509904535173;5,461628114361976;6,126469137129526;6,513022299108327;7,394973018843548
1160;2,738693371547811;3,4775365947311214;4,196968747266998;4,7513296841703605;5,440999044576228;6,1035330262304806;6,48842178656757;7,367033354975524
1165;2,7282972988422296;3,464144354739698;4,181039202324445;4,733296511082982;5,420536118575878;6,080780880439035;6,46401940414952;7,339318744127202
1170;2,7179849595937027;3,450860713177044;4,165237951220901;4,715408572429468;5,400237293775818;6,058210444124319;6,439812716019527;7,311826419233033
1175;2,707755325854729;3,43768433093798;4,149563419031174;4,697664085336548;5,380100561289909;6,035819498795589;6,41579932652991;7,284553658882064
1180;2,697607386600625;3,4246138910349964;4,13401405675685;4,680061296280853;5,360123945234546;6,01360586233587;6,391976879389426;7,257497786374363
1185;2,6875401473806835;3,4116480981411423;4,118588340791863;4,6625984804839264;5,340305502049483;5,991567388254588;6,368343056853337;7,230656168800845
1190;2,6775526299779617;3,3987856781442356;4,103284772401262;4,645273941322185;5,320643319835424;5,969701964958617;6,344895578933472;7,204026216145818
1195;2,6676438720774387;3,386025377712081;4,088101877212846;4,628086009751424;5,3011355177079205;5,9480075150412395;6,321632202627718;7,177605380411601
1200;2,657812926942323;3,3733659638683715;4,0730382047212395;4,611033043745428;5,281780245167077;5,92648199458851;6,298550721168396;7,151391154764589
1205;2,648058863098254;3,3608062235789706;4,05809232780409;4,594113427748285;5,262575681482639;5,9051233925024835;6,275648963288936;7,125381072702137
1210;2,6383807640251895;3,348344963348274;4,043262842250029;4,577325572140034;5,243520035094006;5,883929729840884;6,2529247925083915;7,099572707239676
1215;2,6287777278567583;3,335981008825378;4,028548366298073;4,5606679127152505;5,224611543024767;5,862899059172721;6,230376106433253;7,073963670117507
1220;2,619248867086859;3,323713204419755;4,013947540188121;4,544138910174196;5,205848470311331;5,842029463949392;6,208000836076063;7,048551611026683
1225;2,609793308283309;3,3115404129261945;3,9994590257222624;4,527737049626213;5,187229109445265;5,821319057890874;6,185796945190405;7,023334216853478
1230;2,60041019180835;3,2994615151587294;3,9850815058365763;4,511460840104984;5,1687517798289635;5,8007659843865484;6,163762429621757;6,998309210941899
1235;2,591098671545805;3,287475409593306;3,9708136841831303;4,495308814095351;5,150414827244263;5,780368415910264;6,1418953166738035;6,9734743523737555
1240;2,5818579146347145;3,275581012018952;3,9566542847219073;4,4792795270713555;5,132216623333648;5,76012455344925;6,120193664489768;6,948827435265784
1245;2,572687101209272;3,263777255197209;3,94260205132237;4,463371557045208;5,114155565093718;5,7400326259464975;6,098655561448339;6,924366288083373
1250;2,563585424144876;3,2520630885295994;3,92865574737441;4,447583504126865;5,096230074380538;5,720090889756215;6,07727912557381;6,900088772970412
1255;2,5545520888101394;3,240437477732906;3,9148141554084166;4,4319139900939435;5,078438597426602;5,700297628112037;6,056062503960015;6,8759927850948435
1260;2,545586312824694;3,2288994045220565;3,9010760767242223;4,41636165797167;5,060779604369036;5,680651150607615;6,035003872207725;6,852076252009478
1265;2,536687325822622;3,217447866300396;3,8874403310286767;4,400925171622611;5,043251588788776;5,661149792689248;6,014101433875086;6,828337133027649
1270;2,5278543692213766;3,2060818758571514;3,873905756081619;4,3856032153459;5,025853067260406;5,641791915160253;5,993353419940796;6,804773418613332
1275;2,5190866959960325;3,194800461071904;3,860471207350025;4,370394493485721;5,008582578912372;5,62257590369674;5,972758088279643;6,78138312978531
1280;2,5103835704587256;3,1836026646258544;3,8471355576700996;4,355297730048794;4,9914386849972905;5,603500168374484;5,952313723150089;6,758164317535021
1285;2,501744268043145;3,1724875437197273;3,83389769691711;4,340311668330612;4,974419968472088;5,584563143206606;5,932018634693572;6,735115062257718
1290;2,4931680750939442;3,161454169798122;3,820756531682755;4,325435070550217;4,957525033587703;5,565763285691783;5,911871158445212;6,712233473196595
1295;2,4846542886609315;3,1505016282801384;3,8077109849598583;4,310666717493261;4,940752505488095;5,547099076372674;5,8918696548556255;6,689517687899525
1300;2,476202216297924;3,1396290182961115;3,7947599958342026;4,296005408163156;4,9241010298183285;5,5285690184043395;5,872012508823541;6,66696587168807
1305;2,4678111758661365;3,1288354524303053;3,7819025191833155;4,281449959440091;4,9075692723414726;5,510171637132353;5,852298129238955;6,644576217138471
1310;2,459480495341987;3,118120056469387;3,7691375253820163;4,266999205747703;4,891155918564097;5,491905479680366;5,832724948536516;6,622346943574251
1315;2,4512095126292;3,1074819691565505;3,7564640000145557;4,252651998727207;4,8748596733701435;5,4737691145468785;5,813291422258905;6,600276296570185
1320;2,4429975753751063;3,096920341951132;3,7438809435931724;4,238407206918803;4,858679260662937;5,455761131210986;5,793996028629931;6,578362547467303
1325;2,434844040791014;3,086434338793572;3,7313873712828984;4,224263715450138;4,842613423015149;5,4378801397468335;5,774837268137097;6,556603992898642
1330;2,4267482754765606;3,0760231358755905;3,7189823126324564;4,21022042573168;4,826660921326485;5,420124770446606;5,755813663123384;6,534998954325491
1335;2,4187096552479317;3,065685921415447;3,706664811311087;4,196276255158796;4,810820534488917;5,402493673451788;5,736923757388024;6,5135457775838415
1340;2,4107275649698576;3,055421895438131;3,6944339248511535;4,182430136820378;4,795091059059245;5,384985518392511;5,718166115796037;6,492242832440774
1345;2,402801398391281;3,045230269560388;3,682288724396381;4,168681019213836;4,779471308938826;5,367598994034752;5,69953932389628;6,471088512160554
1350;2,3949305579846105;3,035110266780433;3,670228294455585;4,155027865966316;4,763960115060265;5,350332807935238;5,6810419875478315;6,450081233080162
1355;2,387114454788461;3,025061121272239;3,6582517326617414;4,14146965556196;4,7485563250809095;5,333185686103776;5,662672732554462;6,429219434194039
1360;2,379352508253801;3,0150820781842964;3,6463581495362773;4,1280053810750745;4,733258803082953;5,316156372672914;5,644430204307012;6,408501576747788
1365;2,3716441460934155;3,005172393442709;3,6345466682584395;4,114634049909049;4,718066429280016;5,299243629574683;5,626313067433474;6,38792614384065
1370;2,363988804134599;2,9953313335585343;3,622816424439616;4,101354683540884;4,702978099730001;5,282446236224261;5,608320005456558;6,36749164003648
1375;2,3563859261750078;2,9855581754392557;3,61116656590249;4,088166317271184;4,687992726054092;5,265762989210401;5,59044972045861;6,347196590983056
1380;2,3488349638415804;2,975852206204283;3,5995962524649023;4,075067999979485;4,6731092351617445;5,249192701992441;5,572700932753632;6,327039543039488
1385;2,341335376452457;2,9662127230043827;3,5881046557283023;4,062058793884775;4,658326568981499;5,232734204603719;5,555072380566284;6,307019062911534
1390;2,3338866308818256;2,956639032844932;3,5766909588706848;4,04913777431109;4,6436436841974915;5,216386343361272;5,537562819717663;6,287133737294626
1395;2,3264882014276105;2,9471304524129263;3,5653543564438888;4,036304029458053;4,62905955199152;5,20014798058163;5,520171023317703;6,267382172524418
1400;2,3191395696819557;2,937686307907607;3,5540940541751582;4,023556660176236;4,614573157790511;5,184017994302568;5,50289578146403;6,247762994234663
1405;2,311840224404405;2,9283059348746696;3,5429092687728594;4,010894779747218;4,600183501019283;5,167995278010672;5,485735900947121;6,22827484702226
1410;2,304589661397743;2,9189886780439167;3,531799227736254;3,9983175136682565;4,58588959485845;5,152078740374577;5,468690204961602;6,208916394119266
1415;2,297387383386408;2,909733891170313;3,520763169169229;3,9858239994414095;4,571690466007366;5,136267304983741;5,451757532823543;6,189686317071732
1420;2,290232899897432;2,900540936878327;3,5098003415978787;3,9734133863670444;4,557585154451961;5,120559910092604;5,434936739693608;6,170583315425175
1425;2,283125727143834;2,8914091865095055;3,4989100037918663;3,9610848353416053;4,5435727132373795;5,104955508370035;5,418226696305909;6,151606106416552
1430;2,276065387910415;2,882338019973184;3,488091424589453;3,948837518659547;4,529652208245276;5,089453066653909;5,401626288702434;6,13275342467255
1435;2,269051411441893;2,873326825600265;3,4773438827261143;3,9366706198193198;4,515822717975684;5,074051565710702;5,385134417972914;6,114024021914054
1440;2,2620833333333334;2,8643750000000012;3,466666666666667;3,924583333333334;4,502083333333334;5,05875;5,368749999999998;6,095416666666665
